id,first_name,last_name,address,email,phone
1,Misti,Sallinger,17522 Clemons Crossing,msallinger0@mediafire.com,510-716-9234
2,Gary,Dillintone,15 Parkside Drive,gdillintone1@netvibes.com,897-158-6799
3,Elspeth,Sidsaff,6 Rowland Terrace,esidsaff2@hatena.ne.jp,938-485-9826
4,Jereme,Gregol,53531 Leroy Circle,jgregol3@arizona.edu,926-781-8071
5,Romeo,Flack,84 Helena Way,rflack4@bbc.co.uk,302-870-7889
6,Zebulen,Copo,0116 Browning Point,zcopo5@ovh.net,784-971-9644
7,Noak,Blaisdell,04 Blaine Terrace,nblaisdell6@biblegateway.com,239-582-0272
8,Findlay,Ben,0 Darwin Avenue,fben7@ibm.com,731-640-7212
9,Josephine,Ishak,45344 Rowland Center,jishak8@pen.io,397-301-0841
10,Marline,Thake,584 Crescent Oaks Parkway,mthake9@usgs.gov,855-900-6421
11,Wes,Dawkins,64 American Ash Hill,wdawkinsa@tinyurl.com,189-433-0064
12,Christos,Bottom,14654 Autumn Leaf Terrace,cbottomb@addthis.com,696-238-3392
13,Dario,Angrick,3 Division Trail,dangrickc@vimeo.com,769-509-3529
14,Talya,Leyninye,720 Forster Lane,tleyninyed@gmpg.org,188-293-7567
15,Aurelie,Ralph,26 Eggendart Parkway,aralphe@mashable.com,686-779-0622
16,Emyle,Kilford,3252 2nd Terrace,ekilfordf@diigo.com,486-537-2072
17,Darbee,Kidby,8204 Macpherson Junction,dkidbyg@taobao.com,663-389-3889
18,Haleigh,Duchart,376 Melrose Crossing,hducharth@mysql.com,636-687-9303
19,Saunderson,Morgen,0 Norway Maple Hill,smorgeni@aboutads.info,224-595-7486
20,Kristien,Erswell,67 Eagle Crest Circle,kerswellj@clickbank.net,962-582-8542
21,Wilt,Pountain,847 Bay Terrace,wpountaink@123-reg.co.uk,610-606-3266
22,Paulie,Dupree,44 Westport Avenue,pdupreel@irs.gov,442-748-6548
23,Mauricio,Fuidge,68387 David Pass,mfuidgem@foxnews.com,550-627-6948
24,Dorine,Weatherall,59 Ramsey Way,dweatheralln@rediff.com,915-626-5770
25,Cosette,Pevreal,20650 Elmside Terrace,cpevrealo@abc.net.au,435-944-5491
26,Renell,Pentin,1 Golf View Avenue,rpentinp@usgs.gov,393-318-4585
27,Lu,Bumby,0626 Crownhardt Pass,lbumbyq@ucla.edu,882-125-4734
28,Sherill,Lineham,4 Pleasure Trail,slinehamr@addthis.com,815-922-8918
29,Keri,McSporrin,571 Loomis Alley,kmcsporrins@geocities.com,757-140-7308
30,Merissa,Tritton,705 Vahlen Alley,mtrittont@dmoz.org,285-885-5967
31,Lucas,Goor,17 Clyde Gallagher Hill,lgooru@hubpages.com,571-715-2032
32,Kissie,Goncaves,165 Norway Maple Parkway,kgoncavesv@oaic.gov.au,102-633-4890
33,Konstantin,Hrihorovich,69379 Raven Road,khrihorovichw@usgs.gov,647-892-2213
34,Philippine,Meneo,77824 Oneill Trail,pmeneox@telegraph.co.uk,864-182-7037
35,Kelly,Wilne,773 Merry Road,kwilney@wsj.com,794-218-9964
36,Charyl,Ingerith,64 Mayfield Lane,cingerithz@jimdo.com,370-489-8191
37,Georgie,Gridon,448 Merry Terrace,ggridon10@tumblr.com,321-174-8158
38,Joleen,Chevers,22 Susan Pass,jchevers11@squarespace.com,695-127-9754
39,Amity,Edgeller,86 Eliot Terrace,aedgeller12@nydailynews.com,583-916-7162
40,Clim,McLane,4906 Mosinee Way,cmclane13@prweb.com,913-869-1560
41,Kassi,April,038 Oakridge Pass,kapril14@nytimes.com,325-233-1251
42,Regan,Tredinnick,34041 Monument Center,rtredinnick15@livejournal.com,999-171-5303
43,Theodosia,Lipgens,564 Anthes Alley,tlipgens16@wired.com,131-433-7799
44,Winn,Chang,373 Jenifer Court,wchang17@sbwire.com,959-251-7927
45,Rina,Whall,4076 Bunker Hill Lane,rwhall18@free.fr,732-753-2029
46,Elayne,Kilgannon,19 Emmet Center,ekilgannon19@cyberchimps.com,303-401-2029
47,Dunc,Walesby,589 Summerview Trail,dwalesby1a@cbsnews.com,194-193-4476
48,Ida,Oloman,9938 Tomscot Way,ioloman1b@miibeian.gov.cn,220-686-6311
49,Debera,Getley,60608 Oneill Street,dgetley1c@wired.com,938-446-2055
50,Deonne,Straine,9998 Artisan Pass,dstraine1d@arstechnica.com,575-168-4045
51,Kinna,Berends,408 Commercial Place,kberends1e@yelp.com,863-981-1902
52,Jamey,Goldfinch,5 Victoria Terrace,jgoldfinch1f@arstechnica.com,235-931-0743
53,Suzi,Buston,8 Ramsey Lane,sbuston1g@reverbnation.com,678-829-0101
54,Florenza,Ducker,9999 Crest Line Place,fducker1h@geocities.com,506-611-5424
55,Zackariah,Veart,6478 Packers Plaza,zveart1i@techcrunch.com,888-777-8242
56,Edie,Kohtler,3 Redwing Drive,ekohtler1j@amazon.co.uk,372-731-0529
57,Darell,Fleetwood,907 Transport Drive,dfleetwood1k@parallels.com,839-696-2427
58,Gypsy,Shapero,29 Jana Center,gshapero1l@walmart.com,469-754-7916
59,Kristal,Curtiss,6 Chive Parkway,kcurtiss1m@google.fr,869-865-7229
60,Gene,Sauvain,795 Nelson Point,gsauvain1n@europa.eu,305-970-1979
61,Katharina,Januszewicz,061 Sutherland Point,kjanuszewicz1o@pcworld.com,665-833-1291
62,Sonja,Saenz,895 Oriole Street,ssaenz1p@yellowpages.com,199-358-0582
63,Lawton,Byrne,305 Fairview Parkway,lbyrne1q@wufoo.com,204-948-7078
64,Karole,Willimott,57 Hermina Park,kwillimott1r@bravesites.com,706-266-6668
65,Ben,Cristou,1641 Parkside Avenue,bcristou1s@ustream.tv,518-148-1702
66,Adore,Deaville,40 Gina Park,adeaville1t@hubpages.com,152-786-7615
67,Ronna,Tippetts,15421 Hooker Junction,rtippetts1u@gmpg.org,461-676-3542
68,Griz,Blackboro,22527 Raven Crossing,gblackboro1v@dailymail.co.uk,352-497-9336
69,Ruby,Giovanitti,754 Paget Park,rgiovanitti1w@rakuten.co.jp,155-499-3119
70,Othello,Simmers,0 Pennsylvania Lane,osimmers1x@hibu.com,786-403-6972
71,Pauli,Alekhov,90961 Huxley Avenue,palekhov1y@accuweather.com,755-814-4811
72,Bartholomeus,Vest,312 Cordelia Circle,bvest1z@shutterfly.com,215-241-9807
73,Maxie,Spall,8 Waxwing Lane,mspall20@google.es,647-359-1681
74,Wake,McMenamie,215 Miller Place,wmcmenamie21@wired.com,222-379-2182
75,Elayne,Wayper,08258 Pawling Way,ewayper22@live.com,194-580-6000
76,Norbie,Arrighetti,9147 Bluestem Junction,narrighetti23@alibaba.com,871-683-1662
77,Dav,Forty,57043 Ludington Way,dforty24@zdnet.com,373-721-9389
78,Aylmer,Berthel,8 Kim Lane,aberthel25@walmart.com,989-876-5166
79,Sandy,Dufore,782 Maywood Center,sdufore26@scribd.com,577-274-1959
80,Ardine,Gregolin,30799 Crest Line Trail,agregolin27@miibeian.gov.cn,346-238-7982
81,Keelby,Golton,2 Transport Park,kgolton28@51.la,726-157-5573
82,Leodora,Ox,307 Stephen Alley,lox29@domainmarket.com,170-734-1708
83,Wash,Deniset,72 Vidon Drive,wdeniset2a@timesonline.co.uk,850-762-1992
84,Jeannette,Gowans,150 Melrose Trail,jgowans2b@desdev.cn,839-669-2436
85,Elmer,Howey,30 Loomis Junction,ehowey2c@nymag.com,831-943-1917
86,Henrie,Roblin,47639 Bunker Hill Way,hroblin2d@zimbio.com,577-222-4800
87,Constancia,Abrashkin,1237 Carpenter Trail,cabrashkin2e@nih.gov,422-130-2248
88,Franciska,Purbrick,1 Transport Alley,fpurbrick2f@hubpages.com,464-370-1669
89,Genny,Hargroves,160 Becker Court,ghargroves2g@google.com.br,992-497-8284
90,Enrica,Maitland,99336 Lien Avenue,emaitland2h@princeton.edu,558-258-6044
91,Krispin,Ivancevic,691 Dawn Avenue,kivancevic2i@ucsd.edu,465-721-8093
92,Sascha,Matteoli,09 Vera Alley,smatteoli2j@ebay.com,222-324-2747
93,Cherie,Beccera,13 Rieder Plaza,cbeccera2k@purevolume.com,186-247-0402
94,Sullivan,Tiffany,1 Loeprich Pass,stiffany2l@digg.com,905-385-7893
95,Aaren,Elwill,8 Wayridge Court,aelwill2m@artisteer.com,824-622-1959
96,Romona,Oris,119 Daystar Road,roris2n@nhs.uk,217-109-3693
97,Estell,Jude,9 Meadow Vale Circle,ejude2o@etsy.com,757-801-8202
98,Ansell,Gwyther,6979 Darwin Parkway,agwyther2p@adobe.com,884-375-1030
99,Carissa,Heakey,1434 Mitchell Pass,cheakey2q@csmonitor.com,280-825-6269
100,Arin,Beaumont,15 Victoria Avenue,abeaumont2r@indiatimes.com,468-819-7241
101,Gris,Farrears,1 Schiller Circle,gfarrears2s@themeforest.net,136-329-0157
102,Eugene,Snuggs,5 Dryden Center,esnuggs2t@about.com,346-590-4910
103,Bernard,Glazer,03649 Loeprich Circle,bglazer2u@a8.net,353-477-9206
104,Becki,Blinerman,6018 Iowa Court,bblinerman2v@de.vu,116-137-9751
105,Rosalind,McKague,2118 Pennsylvania Center,rmckague2w@dagondesign.com,269-192-3398
106,Lolita,Stut,76 Bunting Road,lstut2x@fotki.com,747-216-4574
107,Goldi,Walters,31250 Sommers Parkway,gwalters2y@princeton.edu,136-253-3884
108,Harald,Birtley,9 Stoughton Center,hbirtley2z@yale.edu,600-115-9514
109,Eartha,Realph,24148 Thompson Parkway,erealph30@indiatimes.com,170-996-1115
110,Kirbee,McQuorkell,0 Sutteridge Trail,kmcquorkell31@chronoengine.com,666-637-6851
111,Danie,Junkison,15 Pleasure Junction,djunkison32@ebay.com,715-851-2775
112,Ania,Queste,3836 Heath Junction,aqueste33@gov.uk,767-427-4088
113,Haven,Edinboro,76155 Caliangt Parkway,hedinboro34@zdnet.com,199-246-9585
114,Minnnie,Sprasen,7 Oneill Crossing,msprasen35@oracle.com,774-541-8376
115,Kilian,Dimitriev,53051 Kedzie Place,kdimitriev36@businesswire.com,685-584-5353
116,Basil,Beekmann,96481 Doe Crossing Drive,bbeekmann37@spiegel.de,171-559-4071
117,Richmound,Custy,7432 Blaine Road,rcusty38@rambler.ru,875-498-1456
118,Kliment,Deevey,40 Tony Pass,kdeevey39@japanpost.jp,892-108-5610
119,Goldina,Tice,301 Golden Leaf Junction,gtice3a@chron.com,865-624-0126
120,Reinwald,Dorrity,327 Debs Court,rdorrity3b@behance.net,782-596-5339
121,Barris,Teaser,2505 Heffernan Pass,bteaser3c@cafepress.com,148-553-2967
122,Garrot,Willatts,96464 Hudson Terrace,gwillatts3d@imageshack.us,647-660-3141
123,Jenni,Stubbs,56 Summerview Place,jstubbs3e@ihg.com,220-185-6961
124,Ofilia,Cuell,78 Thompson Center,ocuell3f@amazon.co.jp,981-682-1672
125,Ileane,Croxall,24 Park Meadow Crossing,icroxall3g@privacy.gov.au,397-208-5690
126,Dione,Wenderoth,7 Loeprich Plaza,dwenderoth3h@globo.com,970-199-0216
127,Cecilla,Breeder,14070 Jana Park,cbreeder3i@un.org,752-880-8614
128,Merrie,Staining,873 Talmadge Street,mstaining3j@technorati.com,403-877-7589
129,Ronny,Tupman,2472 New Castle Parkway,rtupman3k@icq.com,393-559-1119
130,Corene,Siddell,3136 Kenwood Center,csiddell3l@indiegogo.com,608-433-1702
131,Sawyer,Struys,834 Southridge Trail,sstruys3m@thetimes.co.uk,520-566-3660
132,Jarrod,Markson,93 Superior Terrace,jmarkson3n@npr.org,260-804-0956
133,Bartholomew,Gland,7921 Hooker Road,bgland3o@etsy.com,685-479-4418
134,Tiffany,Hubane,15729 Bayside Way,thubane3p@amazon.co.jp,171-511-4919
135,Roxane,Daspar,6 Bluestem Park,rdaspar3q@mtv.com,426-979-4219
136,Milka,Aylmer,18 Forest Dale Hill,maylmer3r@icq.com,776-717-4580
137,Birdie,Ellings,575 Lighthouse Bay Way,bellings3s@kickstarter.com,673-281-6202
138,Kit,Sybry,9311 Haas Pass,ksybry3t@last.fm,194-967-3266
139,Florinda,MacKaig,30 Texas Way,fmackaig3u@quantcast.com,858-585-0791
140,Salvatore,Peile,3 Red Cloud Pass,speile3v@webmd.com,982-211-0418
141,Stacy,Dalliwater,883 Service Alley,sdalliwater3w@sogou.com,426-274-4824
142,Antonino,Barney,48 Beilfuss Court,abarney3x@arstechnica.com,584-178-6513
143,Alisander,Follit,0940 Amoth Terrace,afollit3y@nasa.gov,678-260-1692
144,Stella,Marns,59 Fallview Avenue,smarns3z@jigsy.com,469-603-6401
145,Victoir,Glasscoo,10345 Thackeray Pass,vglasscoo40@gravatar.com,699-245-4313
146,Rudyard,Ketteringham,152 Stoughton Point,rketteringham41@hubpages.com,358-325-4663
147,Cammie,Lowensohn,9848 Muir Plaza,clowensohn42@imdb.com,325-158-3935
148,Patrice,Adshed,8 Fairview Plaza,padshed43@google.com.br,966-370-3340
149,Alethea,Aylward,28 La Follette Lane,aaylward44@sitemeter.com,637-718-2615
150,Bartholomew,Beidebeke,28840 Corscot Street,bbeidebeke45@ocn.ne.jp,304-367-1124
151,Danni,Karpets,584 Maywood Court,dkarpets46@dot.gov,200-769-2925
152,Zed,Dormand,9 Commercial Crossing,zdormand47@hud.gov,655-622-4048
153,Ranna,Butterfill,1731 Delladonna Avenue,rbutterfill48@paginegialle.it,938-906-1765
154,William,Freegard,02 Golf View Point,wfreegard49@1und1.de,541-743-6843
155,Gregoire,Hundell,7 Dwight Court,ghundell4a@github.com,646-393-5349
156,Obadiah,Weems,1 Thierer Crossing,oweems4b@soup.io,992-681-0669
157,Pattie,Genner,0 Straubel Junction,pgenner4c@wordpress.org,420-674-6809
158,Thorstein,Boyse,285 Melvin Parkway,tboyse4d@biglobe.ne.jp,198-687-1071
159,Charlot,Vasic,213 Green Terrace,cvasic4e@usda.gov,414-464-8798
160,Amalee,Twist,64 Twin Pines Road,atwist4f@printfriendly.com,864-419-6249
161,Jamal,Yegorkin,569 Raven Alley,jyegorkin4g@cbsnews.com,515-773-3263
162,Andrej,Dallander,131 Gina Trail,adallander4h@independent.co.uk,649-491-7088
163,Farlay,Nell,29 Village Street,fnell4i@oracle.com,504-844-7274
164,Marylin,O'Sesnane,181 Shoshone Way,mosesnane4j@microsoft.com,957-332-1616
165,Cecilla,Gault,67 Morningstar Court,cgault4k@newyorker.com,744-415-6086
166,Neil,Thibodeaux,0 Autumn Leaf Trail,nthibodeaux4l@apache.org,450-492-2305
167,Edita,Stivers,36 Sauthoff Drive,estivers4m@sogou.com,254-828-6267
168,Massimiliano,Magee,2 Caliangt Avenue,mmagee4n@smh.com.au,164-356-0424
169,Kellsie,Luck,17100 Gerald Pass,kluck4o@google.ru,172-657-8891
170,Georgy,Souness,734 Scoville Crossing,gsouness4p@dyndns.org,445-369-3839
171,Klara,Tallboy,2103 Claremont Trail,ktallboy4q@wikipedia.org,173-549-1635
172,Bearnard,Strutt,28 Forest Run Center,bstrutt4r@mail.ru,793-412-9740
173,Bernelle,Domleo,89263 Annamark Place,bdomleo4s@last.fm,238-672-8844
174,Abbe,Chiommienti,41 Becker Court,achiommienti4t@hatena.ne.jp,634-294-4998
175,Kellsie,Knox,2877 Donald Hill,kknox4u@example.com,291-110-2707
176,Kevon,Crawley,03 Lukken Hill,kcrawley4v@miibeian.gov.cn,536-273-1331
177,Nedda,MacNucator,75 Cordelia Place,nmacnucator4w@dyndns.org,704-520-9792
178,Codie,Samber,269 Longview Street,csamber4x@usatoday.com,523-274-8335
179,Humberto,Deekes,7 Carberry Crossing,hdeekes4y@bbc.co.uk,999-539-4537
180,Ade,Willard,86303 Eggendart Trail,awillard4z@columbia.edu,944-217-7886
181,Marie-jeanne,Oganesian,7 Melby Lane,moganesian50@ow.ly,967-255-7067
182,Lennie,Caseborne,7950 Kings Crossing,lcaseborne51@eepurl.com,992-444-9236
183,Gertie,Leitche,4 Bultman Hill,gleitche52@altervista.org,509-794-5250
184,Derick,Dorsey,6 Reindahl Crossing,ddorsey53@1und1.de,347-873-4492
185,Correna,Spinage,21002 Sutteridge Terrace,cspinage54@4shared.com,378-123-7303
186,Tamara,Yeeles,7468 Portage Park,tyeeles55@usatoday.com,581-295-9716
187,Velma,Fullalove,27 Springs Street,vfullalove56@theglobeandmail.com,651-896-2606
188,Analise,Paternoster,2788 Starling Junction,apaternoster57@homestead.com,742-890-3040
189,Damiano,Biaggelli,190 Summerview Center,dbiaggelli58@mail.ru,474-939-3072
190,Rem,Kestian,26 Atwood Circle,rkestian59@storify.com,434-257-2117
191,Carlota,Tyres,3919 Kennedy Point,ctyres5a@mlb.com,933-177-3905
192,Nollie,Ostridge,76 Corscot Place,nostridge5b@sitemeter.com,513-460-2851
193,Pedro,Blase,01294 Stuart Road,pblase5c@cisco.com,852-860-9105
194,Tilda,Earley,0 Morningstar Street,tearley5d@intel.com,691-263-8537
195,Luca,Harkess,6951 Oakridge Way,lharkess5e@usnews.com,320-725-9029
196,Itch,Brosetti,1892 Oriole Lane,ibrosetti5f@ed.gov,109-814-3855
197,Arda,Warrier,01 Claremont Drive,awarrier5g@geocities.jp,254-669-0702
198,Garald,Lillicrop,29 Blaine Trail,glillicrop5h@cpanel.net,913-329-5780
199,Sigismondo,Wallwood,21271 Petterle Court,swallwood5i@cdbaby.com,855-513-4872
200,Fletch,Gonnel,3 Lien Road,fgonnel5j@weather.com,558-550-0593
201,Noelle,Mizzen,48 Mayer Place,nmizzen5k@forbes.com,143-899-4293
202,Chloe,Caselli,16 Heffernan Court,ccaselli5l@cdbaby.com,636-271-1759
203,Audrye,Malling,6 Maple Hill,amalling5m@cyberchimps.com,781-205-4288
204,Lula,Patershall,1 Pearson Trail,lpatershall5n@merriam-webster.com,157-361-5048
205,Tracie,Stow,180 Shopko Pass,tstow5o@apple.com,873-266-7422
206,Emmy,Francescuccio,6 Clemons Point,efrancescuccio5p@com.com,103-725-0879
207,Bobby,Blackader,4526 Homewood Lane,bblackader5q@jiathis.com,710-245-4771
208,Cassandre,Jorioz,03 Quincy Parkway,cjorioz5r@google.com.br,333-469-6462
209,Genvieve,Ramsted,881 Esch Crossing,gramsted5s@ebay.com,617-775-2991
210,Lana,Greason,747 Vernon Junction,lgreason5t@time.com,524-438-3946
211,Elroy,Korting,40108 John Wall Point,ekorting5u@twitter.com,158-919-2157
212,Alessandra,Basham,53013 Lakewood Gardens Avenue,abasham5v@taobao.com,661-673-0536
213,Avivah,Hurworth,9487 Main Plaza,ahurworth5w@feedburner.com,744-461-0360
214,Josefa,Jenkins,8463 Londonderry Junction,jjenkins5x@harvard.edu,364-634-4156
215,Bernadine,Barge,07663 Swallow Crossing,bbarge5y@dyndns.org,506-530-6438
216,Alair,Kynman,4550 Gulseth Street,akynman5z@eventbrite.com,317-243-3413
217,Kerry,Nafziger,53863 Iowa Street,knafziger60@moonfruit.com,327-201-4261
218,Kristien,De Clairmont,055 Chinook Place,kdeclairmont61@youtu.be,575-869-0642
219,Nicolina,Feasley,078 North Hill,nfeasley62@rambler.ru,520-949-0438
220,Gilberto,Cruess,6873 Marcy Street,gcruess63@godaddy.com,122-560-8024
221,Cassandra,Gong,0808 Milwaukee Trail,cgong64@china.com.cn,135-783-1577
222,Franklyn,McPeake,595 Moose Point,fmcpeake65@booking.com,427-311-2554
223,Randy,Dongate,9471 Roxbury Drive,rdongate66@t.co,699-388-6207
224,Adria,Klimpt,3 Northwestern Circle,aklimpt67@icq.com,507-210-3473
225,Lavinie,Kitteman,2 American Ash Parkway,lkitteman68@xing.com,852-241-4286
226,Clarisse,Ort,9764 Hayes Park,cort69@independent.co.uk,611-861-9671
227,Benetta,Ladson,0305 Texas Place,bladson6a@time.com,531-876-2998
228,Beryle,Galiford,58 Ryan Place,bgaliford6b@arizona.edu,624-326-2804
229,Rina,Apdell,21 Esker Street,rapdell6c@weather.com,231-301-8195
230,Oswell,Attwell,6 Kedzie Road,oattwell6d@pcworld.com,921-596-2868
231,Rad,Pegden,34003 Stang Way,rpegden6e@ning.com,578-231-7889
232,Aigneis,Buzin,88 Sherman Plaza,abuzin6f@istockphoto.com,700-436-9682
233,Lorraine,Bordiss,1 Eggendart Terrace,lbordiss6g@noaa.gov,839-406-7860
234,Finn,Patroni,1372 Bashford Point,fpatroni6h@netlog.com,272-747-4775
235,Hilario,Van Ross,43 Fuller Alley,hvanross6i@irs.gov,358-953-1155
236,Athena,Castles,98848 Pond Way,acastles6j@uiuc.edu,317-904-7278
237,Liliane,Giorgi,7 Jana Trail,lgiorgi6k@epa.gov,478-928-2751
238,Brit,Mazzey,5 Pepper Wood Hill,bmazzey6l@skyrock.com,539-158-5830
239,Norina,Weepers,63 6th Alley,nweepers6m@illinois.edu,326-362-6498
240,Phaidra,Aubury,1 David Terrace,paubury6n@typepad.com,545-511-8014
241,Temple,Orgill,686 Glendale Road,torgill6o@patch.com,500-245-3572
242,Roy,Hamlett,388 Jenna Trail,rhamlett6p@go.com,666-350-7166
243,Vita,Wittrington,70 Sutteridge Pass,vwittrington6q@ameblo.jp,759-843-0910
244,Cassandre,Grigsby,908 Stoughton Lane,cgrigsby6r@weather.com,665-146-7828
245,Minne,Petticrow,210 Dwight Center,mpetticrow6s@dagondesign.com,832-534-1366
246,Corey,Semechik,4295 Main Way,csemechik6t@dyndns.org,361-755-3021
247,Ursa,Impson,784 Crowley Road,uimpson6u@networksolutions.com,278-146-9108
248,Emlyn,Ferriman,232 Dryden Park,eferriman6v@gizmodo.com,255-454-1643
249,Hamlin,Duxfield,868 Carberry Road,hduxfield6w@slate.com,781-696-7420
250,Hannie,Roncelli,992 Redwing Park,hroncelli6x@weebly.com,829-143-3106
251,Chrysler,Neumann,39 Oxford Avenue,cneumann6y@yahoo.co.jp,101-978-7690
252,Angie,Kleisle,23343 Monument Junction,akleisle6z@mozilla.com,497-844-8100
253,Dulciana,Jobey,96958 Farragut Trail,djobey70@va.gov,778-961-9627
254,Shurlock,Eccott,31498 7th Terrace,seccott71@google.com.hk,662-187-8064
255,Bernardina,Libbie,49 Dwight Point,blibbie72@tinyurl.com,991-442-3713
256,Leonelle,Toplin,4 Holmberg Park,ltoplin73@apache.org,429-291-8409
257,Corenda,Mitcheson,031 Maple Wood Avenue,cmitcheson74@youtu.be,994-401-5367
258,Yettie,Godrich,72755 John Wall Drive,ygodrich75@ucla.edu,146-532-3137
259,Ariela,Sweeten,0548 Dexter Alley,asweeten76@newsvine.com,877-490-4547
260,Halley,Pountain,1 Lotheville Place,hpountain77@t-online.de,294-346-8157
261,Pennie,Bound,83186 Lillian Drive,pbound78@xrea.com,742-237-7048
262,Sissie,Hedworth,4 Stuart Trail,shedworth79@marketwatch.com,243-885-7407
263,Micheline,MacGeffen,30668 Manufacturers Junction,mmacgeffen7a@ow.ly,421-699-7771
264,Tris,Fandrey,598 Waubesa Trail,tfandrey7b@hhs.gov,302-741-2402
265,Debee,Cutsforth,40 Claremont Road,dcutsforth7c@wordpress.com,144-397-9549
266,Eba,Aliberti,27 Golf View Point,ealiberti7d@theatlantic.com,295-790-7669
267,Marylee,Baldry,621 Scoville Lane,mbaldry7e@joomla.org,522-101-7367
268,Livvy,Everil,957 Oneill Crossing,leveril7f@lulu.com,162-851-5560
269,Adolphus,Binnes,2 Hudson Alley,abinnes7g@ox.ac.uk,827-281-3598
270,Archibold,Langdridge,2 Hermina Parkway,alangdridge7h@earthlink.net,356-939-7296
271,Jocelin,Putt,2529 Autumn Leaf Drive,jputt7i@discovery.com,147-745-7337
272,Annissa,Iorillo,062 Hallows Lane,aiorillo7j@alibaba.com,283-907-5829
273,Seth,Degan,5138 Elgar Avenue,sdegan7k@bing.com,866-252-7460
274,Lorri,Dunnaway,1 Novick Crossing,ldunnaway7l@cdc.gov,612-123-4847
275,Risa,Brotherton,3023 Johnson Park,rbrotherton7m@sun.com,776-396-1005
276,Cindi,O'Reilly,254 Merchant Pass,coreilly7n@naver.com,532-473-9267
277,Josi,Moorman,9161 Clarendon Street,jmoorman7o@ovh.net,668-237-9977
278,Antonetta,Zottoli,3 Canary Terrace,azottoli7p@zimbio.com,832-759-1748
279,Catlaina,Heam,2187 Mendota Drive,cheam7q@ox.ac.uk,381-961-5133
280,Cordie,Bosworth,38887 Esch Point,cbosworth7r@ycombinator.com,839-716-4805
281,Carlota,Skeleton,2 Meadow Vale Road,cskeleton7s@purevolume.com,781-155-8832
282,Marybeth,Blinde,48 Washington Park,mblinde7t@google.co.uk,917-187-6886
283,Karole,Gentry,32864 Scofield Lane,kgentry7u@wunderground.com,675-997-4830
284,Nert,Beeching,5856 Boyd Road,nbeeching7v@elpais.com,266-501-0925
285,Dareen,Chevins,3415 Golf Course Way,dchevins7w@cloudflare.com,709-949-4819
286,Niven,Apfel,9001 Manitowish Point,napfel7x@surveymonkey.com,929-816-5493
287,Adolpho,Sudddard,892 Debra Park,asudddard7y@rambler.ru,306-794-0600
288,Bamby,Slyde,1645 Shasta Alley,bslyde7z@nyu.edu,285-501-7805
289,Fiona,Ribchester,56597 Harper Drive,fribchester80@cyberchimps.com,480-486-2016
290,Claudine,Mil,37946 Waywood Court,cmil81@tripadvisor.com,831-195-1624
291,Hedi,Arenson,64462 Shelley Trail,harenson82@pagesperso-orange.fr,206-862-5052
292,Burgess,Krebs,139 Everett Point,bkrebs83@issuu.com,904-346-7985
293,Coriss,Kornes,52 Rockefeller Drive,ckornes84@utexas.edu,392-245-8853
294,Irita,Bitten,120 Schlimgen Plaza,ibitten85@ftc.gov,279-248-2765
295,Mervin,Godspede,3 Golf View Place,mgodspede86@nature.com,717-206-5992
296,Bryana,Costin,883 Anhalt Center,bcostin87@blinklist.com,587-811-9003
297,Heriberto,Tryhorn,634 Thompson Lane,htryhorn88@tiny.cc,421-643-1935
298,Diarmid,Geaves,71016 Daystar Point,dgeaves89@paginegialle.it,422-789-7481
299,Cornelle,Edmeades,8 Mandrake Plaza,cedmeades8a@virginia.edu,449-841-1084
300,Robbyn,Style,28 Sommers Way,rstyle8b@artisteer.com,207-491-9728
301,Frasquito,Bickle,29 Continental Junction,fbickle8c@berkeley.edu,733-487-8570
302,Ignace,Bannell,4680 Del Mar Court,ibannell8d@illinois.edu,729-677-8406
303,Amaleta,Lettsom,04078 Sherman Junction,alettsom8e@oaic.gov.au,486-222-1004
304,Tansy,Bough,61 Lunder Crossing,tbough8f@amazon.de,902-738-7171
305,Bartholemy,Pattemore,610 Ohio Hill,bpattemore8g@godaddy.com,372-271-4554
306,Lammond,Durrans,8 Di Loreto Junction,ldurrans8h@tiny.cc,489-271-1822
307,Gaile,Davison,3119 Vernon Park,gdavison8i@prlog.org,968-156-7404
308,Roselle,Felix,9515 Onsgard Drive,rfelix8j@uol.com.br,103-242-2990
309,Beryl,Escalero,981 Lindbergh Crossing,bescalero8k@pen.io,244-145-3013
310,Jacquette,Cowherd,7985 Green Ridge Way,jcowherd8l@dropbox.com,693-430-4083
311,Anjela,Borge,1 Muir Circle,aborge8m@ifeng.com,809-460-7305
312,Natalya,Pottes,755 Jenna Way,npottes8n@discuz.net,768-350-6032
313,Marcie,Mockett,35738 Vidon Park,mmockett8o@mapy.cz,211-903-2534
314,Donnie,Facey,803 Erie Road,dfacey8p@google.cn,611-503-4766
315,Matteo,Selbie,8398 Drewry Place,mselbie8q@meetup.com,457-237-2959
316,Drusie,Perryman,1497 Eastlawn Circle,dperryman8r@theatlantic.com,342-640-5906
317,Rolando,Pendrill,94245 Morrow Parkway,rpendrill8s@techcrunch.com,461-567-5505
318,Kristoffer,Wanjek,03 Comanche Way,kwanjek8t@taobao.com,314-299-4647
319,Mag,Spottiswood,2189 John Wall Road,mspottiswood8u@devhub.com,389-221-5798
320,Grayce,Jakovijevic,38 Eagle Crest Hill,gjakovijevic8v@surveymonkey.com,652-658-9834
321,Lorianne,Nesbit,477 Menomonie Plaza,lnesbit8w@google.com.hk,523-385-9632
322,Darryl,Murdie,94535 Butternut Park,dmurdie8x@liveinternet.ru,959-583-8343
323,Lemuel,Imlin,0368 Heffernan Crossing,limlin8y@behance.net,708-972-8744
324,Shirlene,Cotmore,366 Dovetail Parkway,scotmore8z@deviantart.com,852-422-7560
325,Colman,Vigneron,4 Warner Crossing,cvigneron90@miibeian.gov.cn,849-160-1719
326,Benoite,Chritchlow,572 Bluejay Parkway,bchritchlow91@stanford.edu,326-704-5863
327,Addison,Mathelon,2400 Alpine Lane,amathelon92@instagram.com,630-800-5980
328,Goldina,Seear,94361 Corry Trail,gseear93@huffingtonpost.com,633-349-7531
329,Hilary,Fehner,8956 Mcguire Center,hfehner94@hhs.gov,461-172-9469
330,Tiena,Lade,3 Nelson Parkway,tlade95@surveymonkey.com,859-841-5686
331,Goraud,Hadingham,794 Evergreen Circle,ghadingham96@cdbaby.com,416-419-2017
332,Devan,Aubri,574 Blackbird Park,daubri97@lulu.com,327-849-2200
333,Rem,D'Aulby,43 Nobel Court,rdaulby98@hibu.com,990-941-2878
334,Jaclin,Wildin,89 Beilfuss Parkway,jwildin99@netlog.com,277-290-6499
335,Delainey,Gaskal,8217 Thompson Way,dgaskal9a@myspace.com,426-233-7315
336,Valenka,Adolphine,6079 Buena Vista Park,vadolphine9b@surveymonkey.com,201-645-2179
337,Gretta,Elstone,99636 Welch Avenue,gelstone9c@sfgate.com,286-868-5294
338,Roy,Ballaam,1471 Manley Junction,rballaam9d@fda.gov,373-331-8979
339,Louisa,Brill,473 Messerschmidt Trail,lbrill9e@kickstarter.com,840-210-4737
340,Ford,Feldberg,5 Burrows Court,ffeldberg9f@earthlink.net,652-185-2186
341,Jenilee,Trevance,7 Northport Parkway,jtrevance9g@edublogs.org,256-140-3648
342,Menard,Bish,7955 Lake View Street,mbish9h@quantcast.com,245-175-7476
343,Giulio,Giuroni,68 Sutherland Plaza,ggiuroni9i@wikimedia.org,525-641-4990
344,Rob,Coleshill,6660 Sugar Way,rcoleshill9j@histats.com,591-817-2901
345,Flemming,Lembke,20680 Barby Avenue,flembke9k@vistaprint.com,680-258-1284
346,Tana,Toyer,7203 Sloan Drive,ttoyer9l@wikispaces.com,382-214-7839
347,Marni,Carhart,6100 Washington Avenue,mcarhart9m@uol.com.br,148-210-6570
348,Adrianne,Lygoe,0 3rd Terrace,alygoe9n@webs.com,254-645-5729
349,Hubert,Gavigan,865 West Avenue,hgavigan9o@google.fr,213-808-9789
350,Bethena,Bridges,7848 Bluejay Trail,bbridges9p@ezinearticles.com,483-800-0438
351,Rad,Antoniak,527 Colorado Pass,rantoniak9q@geocities.jp,884-984-4259
352,Joby,Bilt,8193 Basil Drive,jbilt9r@guardian.co.uk,846-945-6398
353,Carling,Dragoe,2291 Banding Park,cdragoe9s@cnn.com,931-407-5175
354,Berkie,Choldcroft,160 Ruskin Plaza,bcholdcroft9t@ameblo.jp,114-167-8718
355,Gerhardt,Routham,45756 Pepper Wood Lane,groutham9u@etsy.com,403-948-7846
356,Torr,Troy,54872 Elgar Way,ttroy9v@soundcloud.com,958-492-3408
357,Malinde,Aliberti,19901 2nd Plaza,maliberti9w@mozilla.com,953-533-9766
358,Elisabet,Trahmel,8892 Waywood Crossing,etrahmel9x@hhs.gov,762-120-0681
359,Elvis,Copping,03 Dayton Parkway,ecopping9y@exblog.jp,131-798-5186
360,Teirtza,Keetch,3252 Dennis Junction,tkeetch9z@zdnet.com,831-322-4621
361,Rana,Sich,76 Barnett Center,rsicha0@cbsnews.com,689-688-0911
362,Marina,Daoust,87319 Saint Paul Court,mdaousta1@wisc.edu,846-326-5317
363,Zsazsa,Morrant,00844 Brickson Park Way,zmorranta2@reference.com,770-814-5189
364,Violet,Peacham,46120 Raven Point,vpeachama3@hp.com,110-274-0014
365,Fanechka,Tregian,40 Forest Run Way,ftregiana4@google.de,299-891-2907
366,Gradeigh,Burdfield,03 Scofield Circle,gburdfielda5@hibu.com,692-557-8164
367,Man,O'Brogane,75975 Crescent Oaks Trail,mobroganea6@redcross.org,206-149-0964
368,Caria,Cabrales,7 Veith Road,ccabralesa7@zimbio.com,621-674-8396
369,Perri,Dakin,08817 Roxbury Avenue,pdakina8@virginia.edu,217-356-4959
370,Cleon,Lowndsbrough,3184 Truax Hill,clowndsbrougha9@theglobeandmail.com,266-415-8895
371,Victoir,Palle,483 Ryan Parkway,vpalleaa@wired.com,767-496-9173
372,Wally,Karolyi,8 Tony Point,wkarolyiab@miitbeian.gov.cn,137-271-5817
373,Ariela,Widdowson,53 Sachtjen Lane,awiddowsonac@zimbio.com,433-911-2363
374,Vin,Dwire,4 Mockingbird Way,vdwiread@hostgator.com,640-804-1057
375,Rozamond,Rydeard,88007 Tomscot Lane,rrydeardae@geocities.com,964-779-6677
376,Mellie,Sheilds,563 Bunting Street,msheildsaf@eventbrite.com,522-467-9647
377,Lorraine,Kennagh,4005 Lunder Lane,lkennaghag@patch.com,593-604-1482
378,Sarita,McGall,1808 Monica Avenue,smcgallah@earthlink.net,110-143-1279
379,Gil,Gwalter,98 Grasskamp Point,ggwalterai@youtube.com,362-808-5792
380,Wendall,Crossley,36962 Buhler Road,wcrossleyaj@constantcontact.com,554-249-4251
381,Tadio,Stimpson,78005 Bellgrove Lane,tstimpsonak@timesonline.co.uk,409-759-7027
382,Nicholle,Yarnley,319 Aberg Place,nyarnleyal@elegantthemes.com,638-497-2860
383,Boonie,Leppo,24776 Namekagon Park,bleppoam@123-reg.co.uk,998-650-6313
384,Leeland,Arunowicz,19005 Morrow Lane,larunowiczan@purevolume.com,221-506-8426
385,Celie,Dundridge,6048 Cardinal Junction,cdundridgeao@unesco.org,643-236-7531
386,Rea,Castells,20417 Tennyson Court,rcastellsap@artisteer.com,584-996-0487
387,Marlene,Margaret,60 Hudson Pass,mmargaretaq@tuttocitta.it,681-853-2394
388,Hedvige,Arghent,67 Lakewood Alley,harghentar@123-reg.co.uk,525-687-7172
389,Loleta,Skippon,76 Aberg Crossing,lskipponas@ucsd.edu,866-872-0634
390,Darlleen,Worley,56304 Troy Street,dworleyat@sohu.com,131-535-9704
391,Lacee,Von Welden,2 Dakota Trail,lvonweldenau@uiuc.edu,455-988-0808
392,Lorenzo,Lindup,2 Randy Junction,llindupav@symantec.com,656-880-7769
393,Walther,Sayward,787 Lunder Crossing,wsaywardaw@barnesandnoble.com,170-362-8867
394,Nert,Petegrew,8 Warbler Trail,npetegrewax@washington.edu,859-913-8097
395,Jodi,Schimaschke,92 Anniversary Hill,jschimaschkeay@blog.com,668-344-4933
396,Sharline,Allen,2457 Trailsway Pass,sallenaz@indiatimes.com,562-155-4232
397,Adora,Lydiard,77027 Del Sol Drive,alydiardb0@yahoo.com,630-627-8796
398,Jacintha,Troctor,11270 Sheridan Road,jtroctorb1@ifeng.com,605-672-4246
399,Archy,Elsley,5 Arkansas Point,aelsleyb2@cocolog-nifty.com,634-708-7758
400,Katya,Firbanks,57 John Wall Plaza,kfirbanksb3@cnbc.com,310-498-6710
401,Krispin,Izkovitch,03 Londonderry Lane,kizkovitchb4@cnet.com,544-838-0399
402,Johny,Aindrais,21 Buena Vista Place,jaindraisb5@google.co.jp,126-623-6496
403,Felita,Camp,2 Corscot Junction,fcampb6@stumbleupon.com,841-123-7137
404,Deina,Dunnet,1474 Sundown Lane,ddunnetb7@unblog.fr,593-669-4706
405,Remus,Pirazzi,4580 Acker Plaza,rpirazzib8@ifeng.com,657-924-7306
406,Trace,Farry,1178 Dottie Hill,tfarryb9@state.gov,957-726-0147
407,Halsy,Blowfelde,961 Pawling Parkway,hblowfeldeba@ustream.tv,714-629-1748
408,Stanleigh,Farnhill,412 Dawn Alley,sfarnhillbb@irs.gov,330-818-3727
409,Neel,Mielnik,97 Westend Park,nmielnikbc@networkadvertising.org,488-911-4634
410,Ella,Shemmans,65 Glendale Court,eshemmansbd@exblog.jp,365-497-5495
411,Gerri,Aitkenhead,66634 Barby Plaza,gaitkenheadbe@columbia.edu,593-647-7756
412,Alyda,Dinsell,695 Harbort Lane,adinsellbf@tinypic.com,435-181-0684
413,Gerry,Hise,18019 Service Junction,ghisebg@seesaa.net,680-818-3467
414,Gussie,Say,9223 Judy Trail,gsaybh@intel.com,492-265-3774
415,Tamma,Praton,80 Darwin Point,tpratonbi@fema.gov,504-588-6298
416,Rosamund,MacDonagh,75 West Alley,rmacdonaghbj@com.com,396-877-4599
417,Kala,Anthoin,875 Oneill Circle,kanthoinbk@ifeng.com,660-734-1387
418,Janeczka,Mallatratt,748 Warrior Terrace,jmallatrattbl@csmonitor.com,447-218-8882
419,Graig,Rive,7271 Melody Way,grivebm@nydailynews.com,368-220-7302
420,Marijo,Dommett,6 Bonner Alley,mdommettbn@list-manage.com,418-752-5867
421,Kerwin,Burke,205 Nelson Junction,kburkebo@studiopress.com,828-549-7953
422,Ernest,Bullus,939 Pepper Wood Road,ebullusbp@usatoday.com,790-611-9936
423,Kristopher,Pautot,29143 Oriole Avenue,kpautotbq@msu.edu,372-271-9828
424,Rasla,Kopisch,58790 Mayer Avenue,rkopischbr@cafepress.com,635-525-6027
425,Anjanette,Middle,85 Corscot Place,amiddlebs@hostgator.com,460-849-4223
426,Cordie,Rannald,84 Lillian Junction,crannaldbt@who.int,878-651-0106
427,Vince,Zavattiero,38353 Reinke Drive,vzavattierobu@last.fm,764-301-8115
428,Marje,Cattermoul,44631 Waywood Point,mcattermoulbv@over-blog.com,639-882-8369
429,Tybi,Clear,3 Gateway Crossing,tclearbw@paginegialle.it,391-635-3873
430,Benito,Blissett,363 High Crossing Park,bblissettbx@va.gov,787-165-7967
431,Fredrick,O'Curneen,158 Commercial Trail,focurneenby@phoca.cz,832-454-1804
432,Kari,Baress,1 Golden Leaf Lane,kbaressbz@hhs.gov,411-836-2876
433,Leia,Cockling,33416 Mccormick Pass,lcocklingc0@lycos.com,865-305-7904
434,Tamma,Hearsey,71622 Colorado Junction,thearseyc1@dell.com,565-205-6527
435,Darryl,Leschelle,2 Dapin Terrace,dleschellec2@intel.com,835-765-3322
436,Franz,Estcourt,13 Dunning Street,festcourtc3@netvibes.com,183-133-1392
437,Ewart,Kohnemann,6945 Pond Point,ekohnemannc4@jigsy.com,248-681-6585
438,Vanni,Swatridge,7 Nelson Park,vswatridgec5@so-net.ne.jp,220-613-8214
439,Margy,Torrese,05 Independence Park,mtorresec6@altervista.org,834-102-1110
440,Hardy,Vlasenko,74191 Thierer Avenue,hvlasenkoc7@nps.gov,212-528-2488
441,Kayley,Laweles,6 Oneill Way,klawelesc8@list-manage.com,129-657-2279
442,Alec,Tommen,2 Ronald Regan Avenue,atommenc9@patch.com,867-754-3776
443,Edgar,Swansbury,44 Hoard Lane,eswansburyca@paypal.com,812-113-5687
444,Tobe,Hounihan,30 Knutson Alley,thounihancb@cdc.gov,715-258-4985
445,Ettie,Morhall,2 School Terrace,emorhallcc@redcross.org,228-986-2729
446,Nanni,Mealiffe,03 Annamark Center,nmealiffecd@pen.io,615-360-4398
447,Mercedes,Aleksidze,67000 Prentice Road,maleksidzece@flavors.me,336-516-5803
448,Belva,Goulder,4354 Merrick Crossing,bgouldercf@unc.edu,285-374-0440
449,Bobbi,Neath,079 Memorial Circle,bneathcg@reference.com,112-637-2450
450,Britney,Wyvill,10544 Cottonwood Lane,bwyvillch@ehow.com,823-841-3579
451,Rolland,Gwyn,5674 David Road,rgwynci@imageshack.us,137-606-1332
452,Monte,Ryton,39 Green Circle,mrytoncj@mit.edu,532-400-3197
453,Terrye,Leppington,895 Westerfield Lane,tleppingtonck@blog.com,489-324-0040
454,Spencer,Cuolahan,93 1st Crossing,scuolahancl@posterous.com,886-688-9052
455,Rollins,Jost,001 Melvin Hill,rjostcm@aboutads.info,521-484-7994
456,Koralle,Ransom,9 Leroy Center,kransomcn@skyrock.com,703-556-4019
457,Sascha,Hickinbottom,88009 Thackeray Point,shickinbottomco@foxnews.com,914-977-2894
458,Gail,McMullen,6773 Lukken Parkway,gmcmullencp@alibaba.com,547-524-7810
459,Corilla,Schiesterl,242 Toban Avenue,cschiesterlcq@ebay.com,356-431-3402
460,Jocelyne,Stillmann,5341 Merrick Way,jstillmanncr@google.cn,691-599-5726
461,Valli,Lenihan,27 Marcy Center,vlenihancs@prnewswire.com,650-279-8624
462,Keelia,Corlett,7103 New Castle Lane,kcorlettct@psu.edu,723-809-5314
463,Kitti,Cheley,1225 Mccormick Place,kcheleycu@chron.com,125-569-5581
464,Carmon,Wetherburn,59169 Hoard Road,cwetherburncv@sourceforge.net,655-103-6488
465,Renie,Grinsdale,5 Acker Place,rgrinsdalecw@telegraph.co.uk,601-255-0683
466,Winni,Halson,96 Meadow Valley Way,whalsoncx@gizmodo.com,633-401-7201
467,Breena,Filgate,889 Debs Point,bfilgatecy@usatoday.com,183-655-0622
468,Michal,Rayne,43063 Tomscot Lane,mraynecz@google.cn,576-577-0064
469,Pearle,Douglas,45898 Fordem Crossing,pdouglasd0@xrea.com,770-380-5570
470,Brena,Batterton,6286 Park Meadow Pass,bbattertond1@berkeley.edu,673-985-6598
471,Rosanna,Snookes,45 American Court,rsnookesd2@cbslocal.com,600-724-4587
472,Bendicty,Abad,31 High Crossing Pass,babadd3@epa.gov,700-843-8779
473,Rickie,Jess,65 Bay Plaza,rjessd4@adobe.com,583-210-1694
474,Valaria,Fairpo,6 Lunder Lane,vfairpod5@howstuffworks.com,401-832-0726
475,Orel,Maplethorpe,7631 Havey Pass,omaplethorped6@bbb.org,764-215-8722
476,Dyanna,Heditch,34500 Springs Pass,dheditchd7@creativecommons.org,773-319-3028
477,Kym,Stearns,154 Toban Point,kstearnsd8@edublogs.org,733-842-5066
478,Montgomery,Sinclar,80 Veith Junction,msinclard9@chronoengine.com,975-293-1892
479,Lawton,Rawe,37954 Comanche Junction,lraweda@hugedomains.com,658-466-7126
480,Hildegarde,Simenon,22758 Division Hill,hsimenondb@jiathis.com,246-579-9860
481,Fonzie,Dirand,8 Carberry Hill,fdiranddc@noaa.gov,376-633-8969
482,Pier,Senussi,126 Gale Avenue,psenussidd@hubpages.com,635-566-3497
483,Enoch,Solomon,6575 Coleman Drive,esolomonde@so-net.ne.jp,140-761-2974
484,Jocelyne,Mangon,0191 Sage Way,jmangondf@lulu.com,623-352-9167
485,Antoni,Davitt,1415 Express Drive,adavittdg@pinterest.com,548-490-3292
486,Darin,Sunter,51306 Spenser Terrace,dsunterdh@blogger.com,363-583-5589
487,Gabbi,Spilisy,6554 Mcguire Junction,gspilisydi@dedecms.com,112-473-5001
488,Dugald,Larose,7277 Harper Street,dlarosedj@gizmodo.com,175-243-9910
489,Yorgos,Barsam,4 Michigan Street,ybarsamdk@aol.com,332-971-6088
490,Shawna,Vanshin,4 Brentwood Drive,svanshindl@accuweather.com,354-538-3718
491,Gilberta,Jozsa,773 Holy Cross Terrace,gjozsadm@vimeo.com,303-387-9396
492,Paquito,Jacqueminot,6 Hayes Street,pjacqueminotdn@msn.com,772-204-6430
493,Gerome,Brun,7 Sutteridge Park,gbrundo@cpanel.net,199-977-7834
494,Odilia,Thistleton,35 Londonderry Road,othistletondp@bloglines.com,327-451-6982
495,Cloe,Chupin,939 3rd Crossing,cchupindq@archive.org,889-109-4030
496,Brucie,Schollick,3 Colorado Circle,bschollickdr@netvibes.com,144-725-6221
497,Matti,Yvens,5 Springs Circle,myvensds@tinyurl.com,295-381-4462
498,Martie,Buck,52820 Glendale Lane,mbuckdt@phoca.cz,219-207-0691
499,Washington,Frays,656 South Park,wfraysdu@adobe.com,668-946-7989
500,Gisella,Eiler,804 Darwin Hill,geilerdv@craigslist.org,660-486-5916
501,Nissy,Bortoloni,208 Jana Lane,nbortolonidw@unblog.fr,661-173-0768
502,Dominik,Samudio,2627 Farragut Junction,dsamudiodx@cnbc.com,682-310-2155
503,Zondra,Merryweather,82 Almo Road,zmerryweatherdy@cloudflare.com,519-856-5357
504,Dory,Deards,1751 Mallory Plaza,ddeardsdz@tamu.edu,980-251-2600
505,Fancie,Tibald,2444 Carpenter Trail,ftibalde0@vk.com,562-606-2456
506,Fabe,Toohey,7040 Arkansas Park,ftooheye1@jugem.jp,783-129-3993
507,Yankee,Chatenet,97835 Lotheville Avenue,ychatenete2@nymag.com,440-224-9934
508,Kendricks,Gyurkovics,358 Farmco Lane,kgyurkovicse3@yolasite.com,703-370-5466
509,Isidora,Yaknov,8 Kropf Pass,iyaknove4@tiny.cc,815-948-6784
510,Vernon,Varvell,18406 Rockefeller Drive,vvarvelle5@angelfire.com,519-962-9347
511,Deanne,Johanssen,966 Utah Lane,djohanssene6@reuters.com,336-716-1119
512,Mirabelle,Cosker,880 Schlimgen Plaza,mcoskere7@army.mil,307-474-2656
513,Ariana,Bravery,28 Troy Road,abraverye8@yandex.ru,176-951-4971
514,Gannie,Maccree,25 Loomis Point,gmaccreee9@domainmarket.com,354-871-3086
515,Dorri,Wythe,02 Chive Street,dwytheea@sohu.com,736-333-0967
516,Rustie,Alenikov,895 Sauthoff Way,ralenikoveb@bloglovin.com,975-460-0212
517,Alyda,Harfleet,95770 Monterey Circle,aharfleetec@tinypic.com,799-212-6337
518,Roobbie,Vel,95 Nevada Hill,rveled@latimes.com,799-481-2176
519,Tina,Melville,5880 Welch Road,tmelvilleee@sciencedirect.com,324-936-1326
520,Leigh,Dallan,99764 Shasta Place,ldallanef@narod.ru,755-818-4626
521,Gael,Ambridge,8772 Manitowish Street,gambridgeeg@51.la,186-543-7508
522,Kira,Hinksen,02167 Lyons Center,khinkseneh@hexun.com,832-615-8644
523,Linda,Redgate,70 Jackson Terrace,lredgateei@mac.com,794-847-5657
524,Katusha,Baptie,9748 Aberg Alley,kbaptieej@exblog.jp,278-535-6890
525,Trista,Applin,119 Claremont Crossing,tapplinek@elpais.com,293-957-1212
526,Thayne,Kenafaque,962 Anthes Lane,tkenafaqueel@feedburner.com,388-797-2012
527,Dawna,Antonescu,58 Pennsylvania Park,dantonescuem@geocities.jp,811-717-6907
528,Melantha,Hartfield,70 Almo Pass,mhartfielden@simplemachines.org,488-204-6282
529,Marcos,Plaskitt,3 Birchwood Junction,mplaskitteo@apache.org,687-409-0635
530,Cris,Goodliffe,79387 Muir Lane,cgoodliffeep@zdnet.com,364-468-1180
531,Charin,Kenny,1 Sunfield Avenue,ckennyeq@census.gov,711-244-9553
532,Perceval,Lenard,78538 Lerdahl Drive,plenarder@storify.com,110-378-1135
533,Syd,Bakster,35711 Fisk Plaza,sbaksteres@amazon.co.uk,808-455-4105
534,Loren,Caldroni,2781 5th Hill,lcaldroniet@scientificamerican.com,453-574-8670
535,Riley,Clemens,8 Erie Way,rclemenseu@theatlantic.com,589-627-9630
536,Karlik,Lenton,543 Swallow Drive,klentonev@skype.com,756-751-9841
537,Annabela,Opfer,625 Prairie Rose Park,aopferew@merriam-webster.com,531-370-1878
538,Olenolin,Borrington,10167 Everett Plaza,oborringtonex@sfgate.com,726-544-3454
539,Pamella,Fassan,5 Susan Circle,pfassaney@yahoo.co.jp,708-805-7610
540,Roze,Salvidge,909 Surrey Place,rsalvidgeez@nyu.edu,697-859-7611
541,Bryan,Leggs,5022 Crest Line Court,bleggsf0@engadget.com,457-511-1695
542,Madel,Englefield,479 Emmet Plaza,menglefieldf1@netvibes.com,550-295-9837
543,Shelby,Ciepluch,1 Commercial Alley,sciepluchf2@geocities.com,301-371-4768
544,Marjie,Firmin,6121 Oakridge Alley,mfirminf3@icq.com,991-565-7622
545,Illa,Shetliff,86 Myrtle Pass,ishetlifff4@diigo.com,216-780-9833
546,Taylor,Sleeny,2 Grim Park,tsleenyf5@behance.net,469-265-8353
547,Janelle,Buddle,01 Riverside Center,jbuddlef6@etsy.com,466-470-9010
548,Norbie,Bernadon,12382 Little Fleur Circle,nbernadonf7@seesaa.net,571-313-2927
549,Jamesy,McQueen,966 Dennis Road,jmcqueenf8@dyndns.org,703-606-5332
550,Doro,Halsted,2 East Pass,dhalstedf9@wikia.com,499-964-8810
551,Hollyanne,Knewstub,194 Melvin Park,hknewstubfa@gravatar.com,391-321-3059
552,Linnell,Broad,61 Duke Point,lbroadfb@psu.edu,534-512-7358
553,Wynne,Carnson,65 Sutherland Court,wcarnsonfc@lulu.com,973-313-7180
554,Hamil,Bostick,8629 Waywood Parkway,hbostickfd@xinhuanet.com,906-714-2888
555,Jermaine,Danilishin,20876 Talmadge Place,jdanilishinfe@live.com,320-654-2839
556,Friedrick,Hawke,4 Thompson Way,fhawkeff@github.com,651-230-6445
557,Loella,Pavie,8 Crowley Court,lpaviefg@1688.com,903-594-0278
558,Beatrisa,Fillimore,51372 7th Drive,bfillimorefh@163.com,469-608-7297
559,Ursulina,Popov,6913 Village Circle,upopovfi@google.com.hk,375-459-4750
560,Matthiew,Windram,1730 Talmadge Parkway,mwindramfj@howstuffworks.com,860-676-1488
561,Mirilla,Bensusan,19 Talisman Hill,mbensusanfk@woothemes.com,891-447-8461
562,Elsbeth,Ion,859 Fallview Point,eionfl@google.com.au,514-879-2634
563,Janela,Lancaster,4 Fieldstone Court,jlancasterfm@51.la,446-682-1908
564,Veda,Huggin,031 Banding Parkway,vhugginfn@wordpress.org,578-493-0030
565,Shawna,Castellet,02031 Mockingbird Lane,scastelletfo@cnn.com,812-767-2039
566,Danette,Shead,84352 Esch Trail,dsheadfp@list-manage.com,705-256-5273
567,Rudolf,McIlvaney,9 Oneill Parkway,rmcilvaneyfq@apple.com,632-490-8957
568,Markus,Duggon,8528 Maywood Crossing,mduggonfr@trellian.com,850-516-3814
569,Holden,Santer,73 Fremont Junction,hsanterfs@msn.com,259-707-6696
570,Don,Fowgies,10 Loftsgordon Crossing,dfowgiesft@washingtonpost.com,982-730-7486
571,Lorrie,Landall,8 Kenwood Place,llandallfu@gnu.org,522-521-2436
572,Gordie,Thyng,105 Buena Vista Pass,gthyngfv@homestead.com,239-874-1713
573,Nicolina,Huxley,15403 Westport Hill,nhuxleyfw@usnews.com,762-959-8922
574,Lelia,Borrington,1 Walton Circle,lborringtonfx@bbc.co.uk,231-218-1475
575,Vinni,Olive,8409 Gulseth Plaza,volivefy@boston.com,987-274-8470
576,Timoteo,Lund,8 Forest Dale Terrace,tlundfz@cam.ac.uk,112-383-8189
577,Vale,Britcher,569 Merry Place,vbritcherg0@apple.com,751-368-4947
578,Marcille,Stoate,39 Carpenter Crossing,mstoateg1@github.com,524-410-7313
579,Jacqueline,Liccardo,5 Crowley Circle,jliccardog2@bravesites.com,444-686-0562
580,Janice,Coakley,725 Meadow Ridge Avenue,jcoakleyg3@nhs.uk,759-516-3785
581,Wittie,Loddy,206 Harper Crossing,wloddyg4@sphinn.com,618-405-7435
582,Vikky,McGavin,88 Hayes Point,vmcgaving5@sitemeter.com,848-692-1153
583,Oliy,Knighton,6806 Gulseth Point,oknightong6@cloudflare.com,795-899-9610
584,Shep,Kruschov,9476 Lotheville Avenue,skruschovg7@utexas.edu,702-549-7711
585,Jamill,Waberer,868 Jackson Plaza,jwabererg8@google.com.au,481-327-2011
586,Darb,Daton,25829 Lawn Road,ddatong9@people.com.cn,735-522-0479
587,Ediva,Puttick,3222 Bellgrove Center,eputtickga@omniture.com,388-871-2676
588,Filip,Wigsell,262 Shopko Court,fwigsellgb@hatena.ne.jp,342-692-2259
589,Katey,Blue,19 Carpenter Way,kbluegc@digg.com,751-905-3030
590,Marley,Yurocjkin,31 Springs Drive,myurocjkingd@is.gd,772-864-8076
591,Birch,Ockendon,76 Mandrake Point,bockendonge@wikimedia.org,835-609-0083
592,Randy,Reilingen,43486 Rieder Terrace,rreilingengf@census.gov,480-700-7965
593,Morgana,Willmett,45 Prentice Parkway,mwillmettgg@gizmodo.com,237-445-8122
594,Stacey,Parfrey,38046 Monterey Hill,sparfreygh@shutterfly.com,504-572-0529
595,Enid,Sives,102 Toban Street,esivesgi@weather.com,880-148-1633
596,Ganny,Bradnum,80215 Dovetail Hill,gbradnumgj@fotki.com,393-197-4343
597,Cornell,Annes,55 Pierstorff Point,cannesgk@mozilla.com,339-502-6478
598,Vincenz,Swannie,08033 Manufacturers Park,vswanniegl@nyu.edu,982-222-0892
599,Ailene,McDermot,7 Green Ridge Place,amcdermotgm@g.co,268-134-9551
600,Benedetto,Tocque,47133 East Plaza,btocquegn@usgs.gov,972-304-2187
601,Andra,Joplin,031 Elka Lane,ajoplingo@bizjournals.com,573-539-8247
602,Phillip,Binnion,299 Becker Park,pbinniongp@usnews.com,959-732-5296
603,Ransom,Labro,2 Porter Hill,rlabrogq@odnoklassniki.ru,165-964-9105
604,Roana,Baumaier,0 Goodland Way,rbaumaiergr@zdnet.com,674-548-3834
605,Mandi,Eddie,4 Larry Lane,meddiegs@facebook.com,602-218-8083
606,Locke,Gerardin,9996 Fulton Way,lgerardingt@nytimes.com,774-175-0668
607,Lynde,Josovich,12 Kim Lane,ljosovichgu@samsung.com,664-385-0617
608,Ky,Concannon,07853 Milwaukee Center,kconcannongv@craigslist.org,263-667-5677
609,Aeriela,Diwell,93 Loftsgordon Pass,adiwellgw@amazonaws.com,492-811-4617
610,Moreen,Counsell,6 Bartelt Way,mcounsellgx@alexa.com,644-435-2251
611,Verene,Dominy,1555 Fisk Parkway,vdominygy@phpbb.com,270-306-2192
612,Emmye,Barsby,434 Village Green Way,ebarsbygz@nifty.com,538-180-8134
613,Ripley,Ellingsworth,288 Vahlen Trail,rellingsworthh0@chron.com,280-707-7378
614,Brennan,Claw,64911 Superior Way,bclawh1@un.org,717-707-5322
615,Tricia,Giron,895 Arizona Way,tgironh2@squidoo.com,789-752-3670
616,Waite,Durtnel,9 Clemons Parkway,wdurtnelh3@unesco.org,451-671-4777
617,Victor,Ings,420 Rockefeller Avenue,vingsh4@virginia.edu,754-599-7374
618,Nettle,Ommanney,7 Loeprich Parkway,nommanneyh5@fotki.com,653-494-9400
619,Noreen,Kingsnoad,7021 Toban Terrace,nkingsnoadh6@washington.edu,579-765-5219
620,Darryl,Dracey,391 Independence Crossing,ddraceyh7@gnu.org,561-577-5423
621,Moshe,Tippler,4 Aberg Alley,mtipplerh8@topsy.com,951-365-0823
622,Lothario,Iacobini,3783 Straubel Pass,liacobinih9@cargocollective.com,413-393-2888
623,Mortie,Degnen,182 Kennedy Lane,mdegnenha@vk.com,921-661-4090
624,Cliff,Yarnall,9 Calypso Place,cyarnallhb@wikispaces.com,262-988-1579
625,Augie,Peirson,906 Walton Plaza,apeirsonhc@artisteer.com,568-610-0228
626,Brig,MacGinley,29 Bellgrove Pass,bmacginleyhd@columbia.edu,892-180-9192
627,Roxi,Deverille,0926 Columbus Plaza,rdeverillehe@admin.ch,550-210-9774
628,Sutherlan,Eyton,98639 Hollow Ridge Lane,seytonhf@reference.com,869-748-5622
629,Baxter,McGonigle,0575 Melrose Road,bmcgoniglehg@usa.gov,659-292-5148
630,Wadsworth,Jedrzejewski,017 Morning Trail,wjedrzejewskihh@delicious.com,284-359-3156
631,Stanford,Tatters,9 Magdeline Hill,stattershi@com.com,164-135-4767
632,Channa,Fallen,4 Northwestern Junction,cfallenhj@netvibes.com,552-309-6700
633,Rogers,Chatteris,080 Division Point,rchatterishk@ebay.com,306-774-2227
634,Mechelle,Street,806 Stephen Park,mstreethl@cbslocal.com,151-963-8030
635,Baxy,Durman,62 Moose Lane,bdurmanhm@senate.gov,780-523-6233
636,Jesse,Drewry,3 Utah Terrace,jdrewryhn@redcross.org,347-245-2056
637,Sholom,Ivan,7409 Charing Cross Road,sivanho@rediff.com,434-535-5342
638,Danika,Ellin,9 Leroy Terrace,dellinhp@typepad.com,430-474-8783
639,Mable,Mc Kellen,7 Crescent Oaks Alley,mmckellenhq@spiegel.de,151-461-7164
640,Barbette,Dolligon,625 Anhalt Hill,bdolligonhr@washington.edu,630-876-9573
641,Abramo,Riteley,00 Merrick Trail,ariteleyhs@go.com,801-800-7825
642,Philippa,Kobus,96 Hansons Terrace,pkobusht@nytimes.com,311-318-6350
643,Noelle,Gilmartin,8 Dottie Avenue,ngilmartinhu@bing.com,134-181-7671
644,Estrellita,Woodhams,56889 Summerview Trail,ewoodhamshv@printfriendly.com,198-375-0742
645,Coleen,Chomiszewski,70 Carpenter Hill,cchomiszewskihw@mediafire.com,842-688-3374
646,Sigismundo,Chubb,09 Grover Trail,schubbhx@last.fm,286-466-8951
647,Antons,Shipley,821 Golden Leaf Terrace,ashipleyhy@time.com,143-575-2915
648,Moira,Saterthwait,26230 Starling Pass,msaterthwaithz@gov.uk,927-782-0146
649,Kerrin,Henrys,37 Grover Circle,khenrysi0@bandcamp.com,602-129-3706
650,Nathanael,Drinkale,2 Daystar Place,ndrinkalei1@rakuten.co.jp,622-487-8076
651,Artus,Daouse,555 Veith Terrace,adaousei2@xinhuanet.com,400-472-7794
652,Natividad,McElmurray,2699 Esker Avenue,nmcelmurrayi3@harvard.edu,285-770-6301
653,Saunders,Huntley,202 Golf View Drive,shuntleyi4@nymag.com,946-420-8421
654,Sanders,Smidmor,462 Kingsford Pass,ssmidmori5@sfgate.com,764-385-1109
655,Barbie,Currom,9441 Carioca Pass,bcurromi6@tmall.com,622-255-7550
656,Penn,Putson,52384 Express Terrace,pputsoni7@blogger.com,171-696-5505
657,Alicea,Harome,097 Dryden Plaza,aharomei8@desdev.cn,847-423-9674
658,Michail,Wheble,5228 Waywood Trail,mwheblei9@geocities.jp,528-227-6550
659,Wyndham,Kees,85 Pepper Wood Pass,wkeesia@yellowpages.com,949-470-7031
660,Huntlee,Sherrell,25120 Hallows Road,hsherrellib@example.com,524-775-7568
661,Odetta,Vondrasek,7 Manufacturers Terrace,ovondrasekic@vinaora.com,939-891-8397
662,Lombard,Cavolini,49436 Rowland Place,lcavoliniid@dailymotion.com,915-662-1371
663,Reggie,de Mendoza,179 Mallory Way,rdemendozaie@amazonaws.com,874-355-7742
664,Domini,Gerring,94801 Namekagon Trail,dgerringif@dedecms.com,552-900-2348
665,Dahlia,Sandiford,7124 Lunder Avenue,dsandifordig@princeton.edu,484-701-4881
666,Kimbra,Overell,14173 Cascade Road,koverellih@gmpg.org,669-250-6389
667,Woody,Ogilby,20883 Hauk Hill,wogilbyii@skype.com,985-293-0696
668,Paula,Rudall,7919 Hintze Junction,prudallij@slate.com,504-678-6985
669,Augustina,Beverley,5 Northland Center,abeverleyik@taobao.com,526-192-8192
670,Delora,Godlonton,665 Hazelcrest Alley,dgodlontonil@i2i.jp,748-858-4375
671,Andreana,Abbison,919 Becker Park,aabbisonim@fastcompany.com,257-417-3549
672,Grier,Fritchley,69 Johnson Way,gfritchleyin@skyrock.com,568-570-2955
673,Drugi,McLarty,50 Blackbird Drive,dmclartyio@furl.net,812-118-1482
674,Cornall,Mochan,44 Esker Junction,cmochanip@slashdot.org,214-786-2246
675,Linoel,Braganca,3332 Center Circle,lbragancaiq@github.com,356-846-7190
676,Brinn,Cassar,5349 Mendota Road,bcassarir@domainmarket.com,165-605-8061
677,Rafi,Corser,0350 Beilfuss Circle,rcorseris@phoca.cz,903-939-6841
678,Lilla,Kincla,2 Moland Pass,lkinclait@cloudflare.com,619-143-3645
679,Englebert,Bumby,637 Boyd Hill,ebumbyiu@xing.com,534-796-3369
680,Gamaliel,Imloch,6 Nobel Place,gimlochiv@macromedia.com,543-619-2100
681,Carl,Scamel,179 Village Green Terrace,cscameliw@jugem.jp,659-609-2552
682,Lynnelle,Jacquet,440 Holy Cross Lane,ljacquetix@shinystat.com,419-521-2593
683,Ranique,Carwithan,4804 Commercial Plaza,rcarwithaniy@alexa.com,403-323-5246
684,Marja,Stendall,783 Dixon Plaza,mstendalliz@wunderground.com,977-387-1068
685,Collin,Wedlock,15615 La Follette Parkway,cwedlockj0@unicef.org,471-610-2116
686,Olav,Mundwell,67 Grover Circle,omundwellj1@posterous.com,976-459-9363
687,Alvera,Boots,79 Glendale Terrace,abootsj2@kickstarter.com,182-800-8362
688,Ilysa,Rathbourne,20 Hansons Crossing,irathbournej3@stanford.edu,318-644-1478
689,Kathie,Martinez,2 Scott Alley,kmartinezj4@google.com.hk,491-786-5955
690,Perren,Rook,8 Buena Vista Center,prookj5@oakley.com,603-694-8063
691,Yorgo,Penk,451 Melrose Road,ypenkj6@telegraph.co.uk,524-966-6795
692,Glad,Kloss,030 Miller Terrace,gklossj7@webeden.co.uk,227-366-9297
693,Amelina,Haydon,8775 Kim Lane,ahaydonj8@parallels.com,752-462-9630
694,Dominga,Jouanet,90 Pond Hill,djouanetj9@loc.gov,303-466-0870
695,Charisse,Valentin,44914 Butternut Street,cvalentinja@army.mil,908-159-2627
696,Alysia,Saddington,712 Charing Cross Court,asaddingtonjb@tiny.cc,955-316-7500
697,Alia,Stirman,2610 Macpherson Circle,astirmanjc@nsw.gov.au,894-981-7015
698,Alexandre,Imorts,656 Maple Park,aimortsjd@ucoz.com,724-924-9853
699,Sheilah,Pestricke,00 Thompson Road,spestrickeje@myspace.com,954-457-6812
700,Charlton,Vear,7 Homewood Parkway,cvearjf@unesco.org,945-424-5998
701,Inger,Beminster,11 Forest Dale Street,ibeminsterjg@technorati.com,884-761-5694
702,Mady,Rupprecht,50335 Springview Place,mrupprechtjh@theatlantic.com,362-597-0963
703,Lonnie,Delf,47 Bashford Avenue,ldelfji@is.gd,784-378-4591
704,Neel,Danielski,623 Monica Alley,ndanielskijj@blogtalkradio.com,277-416-4239
705,Vi,Chander,53409 Prairieview Pass,vchanderjk@netvibes.com,658-715-9414
706,Gennie,Hammerson,30443 Loftsgordon Lane,ghammersonjl@salon.com,652-254-4571
707,Phylys,Tomaszkiewicz,95732 Derek Place,ptomaszkiewiczjm@samsung.com,964-510-0057
708,Britteny,Leece,67427 High Crossing Court,bleecejn@upenn.edu,809-564-7641
709,Kaylee,Peacham,6818 Vahlen Drive,kpeachamjo@answers.com,730-640-7936
710,Jemima,Cogdell,023 Northwestern Circle,jcogdelljp@deviantart.com,259-921-0392
711,Melisenda,Treneman,58 Ohio Avenue,mtrenemanjq@meetup.com,553-548-8412
712,Shawna,Gratton,0 Lakewood Gardens Circle,sgrattonjr@ameblo.jp,562-193-9307
713,Vincenz,Eldredge,95 Badeau Crossing,veldredgejs@infoseek.co.jp,824-546-2068
714,Jeffie,Bergstram,4699 Petterle Alley,jbergstramjt@bloomberg.com,548-498-4384
715,Dwight,Lillgard,078 Mayfield Road,dlillgardju@hatena.ne.jp,602-594-1153
716,Octavia,Heighway,84 Amoth Point,oheighwayjv@creativecommons.org,534-231-9913
717,Burr,Kohlerman,9599 Butternut Terrace,bkohlermanjw@cpanel.net,582-433-0684
718,Kamillah,Bernardt,9669 Susan Hill,kbernardtjx@oaic.gov.au,328-479-4888
719,Lilith,Bellee,51 Melody Park,lbelleejy@google.it,262-543-1487
720,Derby,Maunton,92447 Mitchell Center,dmauntonjz@yolasite.com,183-583-7620
721,Ealasaid,Damant,0364 Daystar Drive,edamantk0@dedecms.com,407-443-6279
722,Tabbie,Hewlings,153 Pond Drive,thewlingsk1@printfriendly.com,936-373-1159
723,Nero,Velareal,1785 Transport Pass,nvelarealk2@youtu.be,709-487-0493
724,Michaella,Daelman,9 Cottonwood Road,mdaelmank3@woothemes.com,594-287-0963
725,Ailis,Littlecote,2 Washington Point,alittlecotek4@godaddy.com,466-806-4732
726,Jesse,Niblock,15 Waxwing Avenue,jniblockk5@sbwire.com,155-333-1264
727,Maurise,Holdren,74673 Commercial Parkway,mholdrenk6@posterous.com,502-815-7928
728,Kort,Kean,868 Duke Park,kkeank7@phpbb.com,209-240-8443
729,Nate,Offell,8212 Gulseth Terrace,noffellk8@berkeley.edu,228-839-9401
730,Ricki,Linder,82 Dunning Alley,rlinderk9@ocn.ne.jp,590-500-5418
731,Lorri,Veck,5851 Holy Cross Alley,lveckka@pcworld.com,272-384-9980
732,Vita,Tuiller,441 Eagle Crest Park,vtuillerkb@google.pl,500-379-6551
733,Dominique,Gregon,13 Warbler Way,dgregonkc@gravatar.com,396-356-5943
734,Kerrie,Barrs,9774 Butterfield Park,kbarrskd@ning.com,132-545-3963
735,Scarface,MacRory,608 Macpherson Place,smacroryke@domainmarket.com,599-892-2782
736,Lanette,Freen,02377 Mayer Point,lfreenkf@apache.org,566-226-9856
737,Ashlie,Rickersy,65 Ramsey Plaza,arickersykg@ovh.net,519-279-6533
738,Bale,Sabin,16556 Texas Hill,bsabinkh@google.ca,681-796-6415
739,Loy,Kneafsey,855 Hauk Avenue,lkneafseyki@trellian.com,156-446-9831
740,Ruben,Trees,3 Mosinee Road,rtreeskj@washingtonpost.com,815-743-4922
741,Arnuad,Ortells,78300 Basil Avenue,aortellskk@hao123.com,294-526-0876
742,Annabal,Romeuf,09962 Schmedeman Lane,aromeufkl@amazon.com,477-388-8089
743,Merle,Bramall,6667 Riverside Terrace,mbramallkm@nasa.gov,350-371-5161
744,Darbee,Muriel,997 Dapin Plaza,dmurielkn@blog.com,510-716-5449
745,Ryley,Whitlam,6069 Boyd Drive,rwhitlamko@eepurl.com,208-485-9544
746,Heath,Brimicombe,80406 Buhler Road,hbrimicombekp@meetup.com,723-255-7197
747,Theda,Simpkins,6995 Hayes Alley,tsimpkinskq@instagram.com,908-132-0335
748,Fanni,Bunce,039 Florence Park,fbuncekr@hubpages.com,604-156-4964
749,Jenda,Fills,60 Gale Alley,jfillsks@apple.com,306-463-3355
750,Dennis,Stickford,210 Melrose Place,dstickfordkt@bbc.co.uk,687-225-5686
751,Rorie,Barraclough,334 Loomis Plaza,rbarracloughku@state.gov,898-266-5027
752,Brigid,Barde,649 Aberg Place,bbardekv@cnn.com,914-390-9143
753,Che,Gilbank,7772 Scoville Terrace,cgilbankkw@miitbeian.gov.cn,552-565-4147
754,Kearney,Burnsall,30 West Street,kburnsallkx@imageshack.us,657-997-6043
755,Nanci,Whittet,71 Rutledge Alley,nwhittetky@nsw.gov.au,509-498-6169
756,Monique,Wilcott,2045 Talisman Pass,mwilcottkz@macromedia.com,751-240-3259
757,Rudiger,Pickworth,6 Manley Trail,rpickworthl0@who.int,651-521-2390
758,Joell,Locard,920 Shoshone Way,jlocardl1@quantcast.com,287-584-6802
759,Christy,Murkus,340 Meadow Ridge Crossing,cmurkusl2@earthlink.net,993-450-4342
760,Lianna,Kingsworth,032 Canary Road,lkingsworthl3@fda.gov,351-698-2578
761,Yehudit,Guerrero,64172 Mayer Junction,yguerrerol4@digg.com,750-795-2262
762,Esmeralda,Duetsche,427 Fremont Alley,eduetschel5@techcrunch.com,912-183-4692
763,Tommy,Leddy,024 Old Gate Plaza,tleddyl6@sfgate.com,310-735-7607
764,Linzy,Gillise,6241 Dawn Way,lgillisel7@miitbeian.gov.cn,918-473-4805
765,Tobey,Sonnenschein,40851 Homewood Center,tsonnenscheinl8@dot.gov,756-512-5722
766,Oralia,Verman,51 Anniversary Court,overmanl9@bizjournals.com,299-869-5890
767,Halli,Fellona,82 Kinsman Junction,hfellonala@cbc.ca,123-681-1124
768,Gertrude,Kroger,535 Sutherland Hill,gkrogerlb@yelp.com,827-318-0289
769,Jake,Wasylkiewicz,30959 Reindahl Plaza,jwasylkiewiczlc@miibeian.gov.cn,740-529-3129
770,Dana,Ruse,430 Gina Crossing,druseld@simplemachines.org,676-483-6769
771,Norma,Cardall,9 Lukken Plaza,ncardallle@zdnet.com,275-889-5525
772,Andreana,Turbern,9459 Mariners Cove Park,aturbernlf@ocn.ne.jp,759-350-9082
773,Isabella,Fudger,1 Sunbrook Lane,ifudgerlg@dot.gov,274-867-0187
774,Davie,Gensavage,17500 Oak Valley Street,dgensavagelh@clickbank.net,385-850-1529
775,Dennison,Tremaine,53343 Onsgard Street,dtremaineli@behance.net,504-929-8042
776,Rosanna,Larkcum,08473 Fair Oaks Crossing,rlarkcumlj@goodreads.com,787-157-7956
777,Bartholemy,Water,811 Anhalt Hill,bwaterlk@oakley.com,300-446-8839
778,Debbi,Maywood,91 Maryland Drive,dmaywoodll@state.gov,332-427-1051
779,Scottie,Treadgall,43956 Sachtjen Court,streadgalllm@gravatar.com,162-989-8505
780,Priscilla,Dowling,3362 Truax Parkway,pdowlingln@hugedomains.com,994-169-6844
781,Kirby,Libbe,08 Bay Way,klibbelo@miitbeian.gov.cn,313-767-9374
782,Alecia,Macenzy,9846 Talmadge Hill,amacenzylp@nydailynews.com,463-238-6742
783,Quintus,Duthie,73096 Westport Terrace,qduthielq@last.fm,394-820-5671
784,Arlie,Posselow,365 Garrison Lane,aposselowlr@weibo.com,420-969-5783
785,Tyler,Bellow,9 Warner Circle,tbellowls@odnoklassniki.ru,364-420-1822
786,Lincoln,Lamplough,50723 Little Fleur Junction,llamploughlt@nymag.com,653-703-1713
787,Angelique,Worley,2460 Novick Center,aworleylu@ucoz.ru,593-872-1961
788,Guilbert,Ballingal,93 Memorial Road,gballingallv@mysql.com,677-508-6188
789,Fidel,Sproston,017 Schmedeman Park,fsprostonlw@flavors.me,646-460-3365
790,Merola,Shillam,7 Mayfield Alley,mshillamlx@cdc.gov,631-462-6190
791,Daryl,Twigge,05099 Sunbrook Street,dtwiggely@last.fm,514-742-4504
792,Sargent,Church,7294 Sloan Crossing,schurchlz@gravatar.com,490-911-8493
793,Shelagh,Outhwaite,3 Towne Pass,southwaitem0@salon.com,666-945-8877
794,Kyrstin,Bloxam,005 Cherokee Terrace,kbloxamm1@histats.com,248-687-7334
795,Mata,Kidgell,781 Spohn Center,mkidgellm2@google.com,427-364-3021
796,Morton,Reford,8 Almo Point,mrefordm3@apache.org,224-483-9102
797,Shelden,Jedrzaszkiewicz,4951 Golf Circle,sjedrzaszkiewiczm4@technorati.com,150-545-5067
798,Carey,Dockrell,91 Saint Paul Court,cdockrellm5@xing.com,858-736-8598
799,Saraann,Getty,008 Stang Pass,sgettym6@cbslocal.com,812-997-1943
800,Guendolen,Asman,96 Moulton Trail,gasmanm7@unesco.org,570-970-8753
801,Egor,Marquot,9 Delladonna Park,emarquotm8@ftc.gov,913-397-3924
802,Sydney,Palk,52341 Butternut Circle,spalkm9@yahoo.co.jp,927-910-5952
803,Klarika,Pelchat,7843 Darwin Drive,kpelchatma@vk.com,638-974-0881
804,Michaelina,Brooks,58888 Stone Corner Way,mbrooksmb@microsoft.com,963-270-3704
805,Tristam,Charlot,62 Dovetail Alley,tcharlotmc@sohu.com,594-300-7623
806,Enrico,Buckles,167 6th Hill,ebucklesmd@dot.gov,752-168-5186
807,Regan,Corradini,6617 Paget Crossing,rcorradinime@merriam-webster.com,863-800-7875
808,Lane,Stollenwerck,6978 Larry Circle,lstollenwerckmf@hubpages.com,228-316-7304
809,Garner,Cauthra,33 Menomonie Park,gcauthramg@webeden.co.uk,143-195-3243
810,Marion,Covolini,8 Lillian Parkway,mcovolinimh@paginegialle.it,349-381-0432
811,Gun,Spridgeon,32997 Anderson Way,gspridgeonmi@bizjournals.com,379-790-1784
812,Roddie,Fomichyov,1900 David Pass,rfomichyovmj@examiner.com,283-760-6379
813,Briana,Mammatt,20111 Spaight Crossing,bmammattmk@godaddy.com,740-434-8215
814,Shadow,Pontin,0 Doe Crossing Pass,spontinml@springer.com,466-530-4559
815,Newton,Swancock,27945 Declaration Place,nswancockmm@cbsnews.com,762-561-3855
816,Heinrik,Aron,32006 Granby Place,haronmn@marriott.com,904-719-4857
817,Portie,Font,2832 Drewry Lane,pfontmo@google.fr,366-350-8553
818,Sheelah,Crawford,532 Rowland Park,scrawfordmp@free.fr,578-306-3931
819,Jule,Hagerty,40966 Sheridan Court,jhagertymq@indiatimes.com,177-901-3136
820,Andrew,MacGorrie,000 Superior Road,amacgorriemr@amazon.co.jp,341-231-9406
821,Rudolph,Kisbee,18864 Delaware Point,rkisbeems@guardian.co.uk,914-260-7091
822,Benedick,Doerffer,78885 Lunder Plaza,bdoerffermt@smh.com.au,464-649-1535
823,Chantal,Ram,1 Hermina Place,crammu@latimes.com,607-461-5944
824,Bernadene,Spellicy,17768 Corry Place,bspellicymv@jigsy.com,678-466-5192
825,Honor,Bulger,7 Golden Leaf Park,hbulgermw@state.tx.us,405-604-1887
826,Mark,Dincke,67815 Toban Circle,mdinckemx@devhub.com,101-493-4454
827,Emerson,Routley,733 Columbus Pass,eroutleymy@devhub.com,105-501-8992
828,Evered,Angrock,02 Ridgeway Avenue,eangrockmz@gov.uk,617-618-2138
829,Shellie,Werrilow,5 Huxley Court,swerrilown0@sciencedaily.com,715-763-9532
830,Andras,Screaton,84679 Shopko Junction,ascreatonn1@ycombinator.com,815-335-5863
831,Allina,Ennor,0 Hallows Pass,aennorn2@uiuc.edu,403-789-0491
832,Lisbeth,McGrotty,6 Service Park,lmcgrottyn3@un.org,380-970-7364
833,Addie,Coxhell,3 Hauk Plaza,acoxhelln4@fotki.com,357-920-0758
834,Tammy,Lemmen,76936 1st Center,tlemmenn5@imgur.com,964-616-5916
835,Andre,McMonies,723 Ludington Avenue,amcmoniesn6@miibeian.gov.cn,510-670-6895
836,Glendon,Deeble,8 Loftsgordon Crossing,gdeeblen7@blogspot.com,764-515-3059
837,Walker,Arrow,965 Milwaukee Alley,warrown8@sitemeter.com,744-440-9416
838,Leonore,Langeley,110 Loftsgordon Point,llangeleyn9@geocities.com,202-362-6129
839,Stevie,Thorndycraft,5 Sachs Drive,sthorndycraftna@amazonaws.com,469-887-9917
840,Valentina,Roll,42337 Commercial Point,vrollnb@bloglines.com,784-864-6681
841,Ashli,Radish,0966 Nevada Crossing,aradishnc@domainmarket.com,829-521-6486
842,Fanechka,Tremethack,6 Almo Park,ftremethacknd@imgur.com,209-110-3933
843,Magdalene,Filinkov,1539 Coolidge Junction,mfilinkovne@last.fm,866-734-6058
844,Montgomery,Pietasch,6 Beilfuss Court,mpietaschnf@time.com,622-412-8799
845,Armando,Drable,67 Homewood Lane,adrableng@businessinsider.com,379-348-9417
846,Josefa,Furtado,72683 Cascade Pass,jfurtadonh@lulu.com,713-300-5573
847,Wendel,Balfre,04 Kedzie Pass,wbalfreni@businessweek.com,494-719-9997
848,Alaster,Challicombe,85 Fordem Plaza,achallicombenj@blogs.com,883-221-0996
849,Olvan,Ashall,88 Rockefeller Park,oashallnk@google.es,556-312-2485
850,Jenna,Musla,122 1st Avenue,jmuslanl@rediff.com,656-177-9312
851,Zaria,Peizer,15062 Tennessee Circle,zpeizernm@forbes.com,813-232-0882
852,Kerwin,Marklow,209 Mendota Pass,kmarklownn@google.com.au,173-545-6565
853,Roderic,Challicum,331 Vahlen Trail,rchallicumno@google.com.hk,106-121-0523
854,Ruttger,Van der Daal,63216 Anthes Place,rvanderdaalnp@devhub.com,760-826-1372
855,Melamie,Erdes,7 Quincy Trail,merdesnq@rediff.com,383-593-8879
856,Minnaminnie,Pallister,82 Eagle Crest Junction,mpallisternr@toplist.cz,597-774-8285
857,Shantee,Everard,712 Becker Park,severardns@google.ca,947-131-4400
858,Lauritz,Follis,73 Ridgeway Circle,lfollisnt@accuweather.com,583-581-8117
859,Maryjane,Smart,233 Ridgeview Hill,msmartnu@tripadvisor.com,471-724-5124
860,Filippo,Curwood,77 Harbort Street,fcurwoodnv@cnbc.com,766-974-7623
861,Neely,Ballister,200 Lukken Center,nballisternw@constantcontact.com,430-344-6159
862,Austen,Iorillo,649 Moose Drive,aiorillonx@cdc.gov,821-345-7933
863,Jo-anne,Gilogly,2477 Bultman Avenue,jgiloglyny@usda.gov,338-689-3891
864,Willy,Mingasson,9 Paget Pass,wmingassonnz@salon.com,516-244-5624
865,Syd,Curnucke,6 Cottonwood Street,scurnuckeo0@umn.edu,999-675-0379
866,Keely,Ellett,8 Hoepker Parkway,kelletto1@marriott.com,741-876-7239
867,Shel,MacGaughy,88371 Dayton Parkway,smacgaughyo2@is.gd,801-261-0269
868,Riannon,Durnan,46673 Almo Drive,rdurnano3@livejournal.com,730-901-7200
869,Sergeant,Baigrie,41 Sycamore Drive,sbaigrieo4@addthis.com,112-172-2109
870,Joya,Kneath,008 Del Sol Park,jkneatho5@youtu.be,521-665-0279
871,Hilario,Kilmister,1530 Tennyson Junction,hkilmistero6@bandcamp.com,655-130-1870
872,Archy,Dopson,02 Fordem Terrace,adopsono7@t.co,179-245-9903
873,Rosemary,Sutlieff,37285 Anthes Terrace,rsutlieffo8@cdbaby.com,402-606-2392
874,Ken,Dodgshun,764 Schiller Drive,kdodgshuno9@wunderground.com,174-953-6421
875,Donavon,Pochon,6191 Carioca Lane,dpochonoa@jigsy.com,912-733-2083
876,Candida,Hardisty,0567 Tennyson Lane,chardistyob@icq.com,362-509-5517
877,Micheil,Hackelton,02 Fair Oaks Court,mhackeltonoc@businesswire.com,484-687-0964
878,Ricard,McGrowther,1 Rusk Street,rmcgrowtherod@skype.com,265-267-6808
879,Dora,Wyatt,4883 Katie Park,dwyattoe@hubpages.com,176-517-0931
880,Tonye,Dare,133 Pepper Wood Crossing,tdareof@about.me,542-110-6623
881,Anita,Robeson,9 Sunfield Terrace,arobesonog@last.fm,716-901-0906
882,Annabelle,Heimes,045 Morning Drive,aheimesoh@pinterest.com,646-360-9201
883,Corene,Brech,32 Debs Circle,cbrechoi@domainmarket.com,320-720-8931
884,Ilse,Panting,812 Forest Run Road,ipantingoj@hostgator.com,539-969-1461
885,Reginald,Benkhe,068 Eagle Crest Center,rbenkheok@elpais.com,387-906-4320
886,Dorothy,Lumpkin,61 Old Gate Avenue,dlumpkinol@4shared.com,214-331-2338
887,Beverly,Hallick,6841 Bunting Park,bhallickom@europa.eu,107-480-8489
888,Valma,Westbrook,174 Canary Road,vwestbrookon@ask.com,747-703-0238
889,Lynea,Langdridge,0 Miller Trail,llangdridgeoo@princeton.edu,191-657-1707
890,Corri,Andell,2 Moland Plaza,candellop@japanpost.jp,936-935-6704
891,Sandro,Mabb,0700 Fisk Street,smabboq@princeton.edu,701-148-9132
892,Nalani,Eveling,3 Acker Hill,nevelingor@slate.com,615-108-8476
893,Adore,Schermick,2521 Badeau Point,aschermickos@newyorker.com,228-289-6620
894,Chad,Luty,91 Bay Center,clutyot@stumbleupon.com,963-846-0044
895,Nedda,Carette,2 Little Fleur Hill,ncaretteou@addtoany.com,308-855-5033
896,Elberta,Bryer,83530 Grover Drive,ebryerov@unesco.org,138-483-0138
897,Daisy,Abrey,27 Village Plaza,dabreyow@alibaba.com,475-404-7276
898,Rheta,Debill,3356 Bay Plaza,rdebillox@studiopress.com,698-170-4023
899,Lind,Speeding,1 Comanche Point,lspeedingoy@dyndns.org,707-556-4999
900,Gabriel,Luxford,633 Gateway Court,gluxfordoz@youku.com,399-850-4365
901,Cristobal,Rabley,9 Iowa Street,crableyp0@soundcloud.com,535-709-2480
902,Nappie,Ferrotti,1891 Vidon Alley,nferrottip1@godaddy.com,580-225-3143
903,Moina,Honisch,61 Ronald Regan Center,mhonischp2@elpais.com,387-677-6661
904,Zelig,Cassella,8 School Street,zcassellap3@altervista.org,113-487-6787
905,Karel,Moscone,890 Coolidge Way,kmosconep4@google.com.au,704-941-6690
906,Maddie,Bourdas,73 Wayridge Hill,mbourdasp5@scientificamerican.com,188-646-5829
907,Ulla,Fawcus,7427 Northport Parkway,ufawcusp6@slashdot.org,571-506-2901
908,Stanwood,Jentges,9191 Old Shore Street,sjentgesp7@wix.com,699-357-0519
909,Sharleen,Dran,091 Hermina Trail,sdranp8@free.fr,262-631-2759
910,Karissa,Talmadge,61 Sunnyside Trail,ktalmadgep9@dell.com,208-214-3471
911,Renie,Cartlidge,401 Trailsway Point,rcartlidgepa@mayoclinic.com,456-351-7182
912,Henrieta,Esposita,53156 Artisan Plaza,hespositapb@usatoday.com,179-831-7341
913,Major,Flew,12 Kinsman Point,mflewpc@dion.ne.jp,464-421-5763
914,Elmore,Dunkerton,789 Green Point,edunkertonpd@bandcamp.com,586-489-7193
915,Arel,Ponde,35772 Briar Crest Street,apondepe@clickbank.net,313-622-4374
916,Berk,Gameson,132 Reinke Crossing,bgamesonpf@ning.com,214-951-0785
917,Marj,Rangell,9 Parkside Road,mrangellpg@blogs.com,985-777-0575
918,Eadith,Vamplus,2923 Granby Crossing,evamplusph@time.com,471-294-0216
919,Skelly,Peye,318 Lawn Junction,speyepi@google.co.uk,320-618-8076
920,Base,Tollet,4706 Bay Crossing,btolletpj@friendfeed.com,254-581-0722
921,Claybourne,Beatson,574 Scofield Park,cbeatsonpk@bigcartel.com,133-324-5545
922,Colet,Riccio,44 Bartelt Parkway,cricciopl@bandcamp.com,999-275-7547
923,Norma,Vale,214 Carberry Parkway,nvalepm@ca.gov,826-237-5789
924,Nananne,Lemoir,0 School Park,nlemoirpn@paypal.com,309-891-5435
925,Saidee,Grigoire,46 Bowman Trail,sgrigoirepo@typepad.com,371-469-9283
926,Betteanne,Klaassens,69 Russell Point,bklaassenspp@chicagotribune.com,185-867-7196
927,Ely,Concannon,26 Oriole Circle,econcannonpq@berkeley.edu,940-111-4660
928,Allin,McCrohon,9616 American Ash Circle,amccrohonpr@theglobeandmail.com,992-620-7261
929,Guy,Ashtonhurst,51852 Hallows Place,gashtonhurstps@g.co,674-854-6857
930,Saba,Heynel,00 Fremont Street,sheynelpt@com.com,504-198-0314
931,Alisa,Barthod,1 Carioca Plaza,abarthodpu@webeden.co.uk,222-880-7014
932,Perkin,Aizkovitch,56 Chive Alley,paizkovitchpv@symantec.com,539-981-9891
933,Charles,Clappson,040 Loeprich Hill,cclappsonpw@columbia.edu,434-522-4833
934,Phil,Manssuer,7 Lukken Point,pmanssuerpx@wikimedia.org,868-434-7474
935,Anabal,Sperrett,05574 Eagle Crest Court,asperrettpy@zdnet.com,112-336-7742
936,Allys,Cunrado,62 Messerschmidt Crossing,acunradopz@reference.com,249-135-9319
937,Early,Teasdale-Markie,4 Walton Place,eteasdalemarkieq0@furl.net,823-422-8359
938,Leon,Shurrocks,114 Main Circle,lshurrocksq1@blogs.com,127-208-6628
939,Kally,Aubery,7 5th Way,kauberyq2@sakura.ne.jp,339-710-5899
940,Robby,Daborn,428 Shoshone Plaza,rdabornq3@woothemes.com,573-914-0036
941,Salli,Harlock,168 Fairfield Road,sharlockq4@hp.com,843-740-3080
942,Fabian,Scotchbourouge,3 Kennedy Pass,fscotchbourougeq5@dagondesign.com,478-905-2755
943,Robby,Guinn,85381 Corben Circle,rguinnq6@infoseek.co.jp,457-147-4021
944,Riki,Points,36887 Johnson Trail,rpointsq7@artisteer.com,801-671-2490
945,Giovanna,Storrah,5014 Claremont Drive,gstorrahq8@slashdot.org,981-833-3497
946,Ado,Casement,27 Utah Avenue,acasementq9@miitbeian.gov.cn,604-189-3066
947,Zena,McClymond,58106 North Trail,zmcclymondqa@home.pl,619-513-7463
948,Michail,Danby,8 Almo Court,mdanbyqb@wikia.com,302-562-4963
949,Lanny,Fowlston,246 Carpenter Terrace,lfowlstonqc@wsj.com,246-133-0045
950,Madlin,Jansie,94915 Bashford Pass,mjansieqd@acquirethisname.com,800-992-5361
951,Jen,Cranch,3092 Fallview Drive,jcranchqe@java.com,707-521-6167
952,Kendell,Gateshill,8238 Meadow Vale Center,kgateshillqf@unc.edu,449-388-2535
953,Gabriel,Tulloch,959 Hagan Plaza,gtullochqg@alibaba.com,304-942-0439
954,Cariotta,Goatcher,5 Saint Paul Center,cgoatcherqh@themeforest.net,321-152-6135
955,Stacee,Kebell,2 Park Meadow Point,skebellqi@sogou.com,774-475-7445
956,Hoyt,Milbank,44651 Fisk Avenue,hmilbankqj@globo.com,829-867-2940
957,Elly,Lendon,35161 Tony Way,elendonqk@gmpg.org,752-351-2364
958,Valida,Kieran,6 Evergreen Point,vkieranql@cyberchimps.com,186-222-4419
959,Balduin,Euels,875 Westport Hill,beuelsqm@mozilla.org,214-288-5313
960,Lorin,Carpmile,24 Declaration Pass,lcarpmileqn@hud.gov,336-416-9503
961,Juliann,Cuttell,82 Russell Parkway,jcuttellqo@ca.gov,830-690-7725
962,Federico,Becke,344 Vernon Alley,fbeckeqp@tuttocitta.it,272-529-6767
963,Jephthah,Dullaghan,09 Autumn Leaf Road,jdullaghanqq@netvibes.com,138-260-4479
964,Jourdan,Stemp,5 Blue Bill Park Way,jstempqr@nymag.com,279-620-6098
965,Virginia,Cicchitello,9333 Fulton Crossing,vcicchitelloqs@pbs.org,845-887-2370
966,Fancie,Roncelli,59302 Blackbird Pass,froncelliqt@biglobe.ne.jp,543-422-2520
967,Ardys,Imms,696 Debs Circle,aimmsqu@xrea.com,681-119-6227
968,Killian,Wattam,8 Maywood Road,kwattamqv@zimbio.com,824-551-0618
969,Katine,Howett,90 Fairfield Park,khowettqw@i2i.jp,556-273-1971
970,Kerwinn,Kivelle,18333 Maple Plaza,kkivelleqx@ucsd.edu,223-940-9661
971,Michaeline,Chritchlow,33788 Meadow Valley Drive,mchritchlowqy@ameblo.jp,517-612-0783
972,Joli,Wilkowski,43 Ryan Hill,jwilkowskiqz@sitemeter.com,921-181-5946
973,Del,Breacher,2 Judy Plaza,dbreacherr0@cbc.ca,459-513-9851
974,Hayward,Cottom,8 American Ash Place,hcottomr1@uol.com.br,166-562-8706
975,Johnath,Dudderidge,945 Grim Place,jdudderidger2@rakuten.co.jp,884-752-3191
976,Hester,Ryder,0 Claremont Drive,hryderr3@privacy.gov.au,648-824-4526
977,Prinz,Lesser,8 Sachs Avenue,plesserr4@epa.gov,649-878-3366
978,Melisse,Yakebovich,7226 Vermont Parkway,myakebovichr5@bizjournals.com,658-333-4479
979,Nobe,Goble,127 Novick Court,ngobler6@constantcontact.com,525-238-5963
980,Goldie,Patek,85467 Golden Leaf Road,gpatekr7@geocities.com,109-572-6010
981,Dalli,Dilon,75805 Mayer Parkway,ddilonr8@stumbleupon.com,863-205-8221
982,Sharyl,Mooring,9 Arapahoe Road,smooringr9@hud.gov,969-267-9655
983,Jocko,Risborough,23 Clove Trail,jrisboroughra@gmpg.org,407-821-0868
984,Kippy,Guilloton,57 Arkansas Road,kguillotonrb@issuu.com,712-905-1859
985,Josee,Mold,211 Burning Wood Alley,jmoldrc@weebly.com,744-137-9509
986,Pansie,Redmond,42180 American Plaza,predmondrd@rediff.com,549-355-6879
987,Avigdor,Ternault,3 Namekagon Pass,aternaultre@engadget.com,707-261-6935
988,Ira,Stainburn,71222 Karstens Avenue,istainburnrf@wordpress.com,809-143-8557
989,Amabelle,Imesson,42 Sunnyside Trail,aimessonrg@wisc.edu,561-423-8169
990,Roxie,Blount,2 Sycamore Alley,rblountrh@elegantthemes.com,761-898-1532
991,Lorie,Hedau,5099 Colorado Avenue,lhedauri@biblegateway.com,515-593-0004
992,Marcia,Tackell,9184 Twin Pines Trail,mtackellrj@answers.com,226-833-4852
993,Brandise,Goody,3 Haas Pass,bgoodyrk@tamu.edu,676-787-0445
994,Uta,Shears,64286 Crowley Lane,ushearsrl@altervista.org,555-703-6476
995,Oona,Ivanets,98294 Delladonna Road,oivanetsrm@howstuffworks.com,680-251-9379
996,Rois,Grice,0920 Claremont Way,rgricern@creativecommons.org,615-982-6012
997,Blythe,MacTrustrie,75 Macpherson Terrace,bmactrustriero@ning.com,570-272-9232
998,Wylma,Abberley,7 Independence Lane,wabberleyrp@joomla.org,189-389-6323
999,Raffarty,Mallinson,4 Dwight Lane,rmallinsonrq@csmonitor.com,984-143-1237
1000,Quintilla,Pedwell,2168 Buell Pass,qpedwellrr@alibaba.com,832-688-5116
